gameid	unix	completed	total	pct	registered	template	status	format	type	sport	name
Gd74j4mX1TLc0txQvI7t	1789146000	27	30.25	89.3	11	0	GamePlay	Round Robin	Live	pickleball	Friday Bracket B - S3W6
lMFLQ14a6PQdtFLojKWt	1789130700	48	54	88.9	18	0	GamePlay	Round Robin	Live	pickleball	LET’S GO!  The Return of Danielle!!!!!  Welcome back. 9/11/26
tggNuC7g4ftVjAvC4jNK	1789084800	33	33	100	12	0	GamePlay	Round Robin	Live	pickleball	Carpenters Pub Thursday Night (Week 12
l4h4tJiOtWm9bAxR4HSM	1789002000	33	33	100	12	0	GamePlay	Round Robin	Live	pickleball	Newbridge Inn presents S-8 Wk-2 A bracket
QAzzvRoo4qSPsEKzbUgT	1789002000	28	33	84.8	12	0	GamePlay	Round Robin	Live	pickleball	Newbridge Inn presents S-8 Wk-2 B bracket
VoEhtyY1dn7QiPOMzOpA	1788915600	33	33	100	12	0	GamePlay	Round Robin	Live	pickleball	9/8/26 “EJ” Pop-Up Tournament #26
FL66FflvmxGYoonlDmpI	1788883200	29	30.25	95.9	11	0	GamePlay	Round Robin	Live	pickleball	Tuesday AM hangover.   9/8/26
qN1ZDkGTPvgwYFNPHW5e	1788829200	94	96.25	97.7	35	0	GamePlay	Round Robin	Live	pickleball	Monday League S-9 All 36 #157
hpf9qgvEhKDYV8u0Xz2V	1788703200	12	30	40	6	0	GamePlay	Round Robin	Live	pickleball	Fixed coed doubles - 2nd phase - Copy
0GYasMTSFGqYHMrUPBh4	1788699600	15	30	50	6	0	GamePlay	Round Robin	Live	pickleball	Fixed coed doubles - 3.5 DUPR
E0wVQRCP35ysBKrgIhHS	1788525900	50	67.5	74.1	18	0	GamePlay	Round Robin	Live	pickleball	Friday AM new season.  Return of Rizzi. 9/4/26
gDwflxa0pribSskHbkLt	1788480000	33	33	100	12	0	GamePlay	Round Robin	Live	pickleball	Carpenters Pub Thursday Night (week 11)
5SZynHCMuFI2jkZQbxj9	1788397200	66	66	100	24	0	GamePlay	Round Robin	Live	pickleball	Newbridge Inn presents Big dogs Wed Season 8 All 24
PHj7HdeR2v4zsStjOTKD	1788310800	33	33	100	12	0	GamePlay	Round Robin	Live	pickleball	9/1/26 “EJ” Pop-Up Tournament #25
EZeDEU5h1qtXrsgbES1n	1788278400	14	33.75	41.5	9	0	GamePlay	Round Robin	Live	pickleball	Tuesday AM let’s count it. 9/1/26
Wgfs3IijS7s5b0k2kU4i	1788278400	14	33.75	41.5	9	0	GamePlay	Round Robin	Live	pickleball	Tuesday AM let’s count it. 9/1/26 - Copy
UCIEmDQRpfVhv1mNr2mC	1788224400	66	66	100	24	0	GamePlay	Round Robin	Live	pickleball	That’s a wrap for Summer. All 24 #156
bhketMq0YA237ryvR3rh	1788094800	32	33	97	12	0	GamePlay	Round Robin	Live	pickleball	Summer ladies league Day 6/6
LunDxITwfSWmixZqqIRO	1787936400	43	46.75	92	17	0	GamePlay	Round Robin	Live	pickleball	Friday Bracket B - S3W4
MXm8Er24cF3Aea3r7xTO	1787921100	48	60	80	16	0	GamePlay	Round Robin	Live	pickleball	So long Summer. WTF. 8/28/26
p22WjrVV87lgB9UzchpX	1787875200	29	33	87.9	12	0	GamePlay	Round Robin	Live	pickleball	Carpenters Pub Thursday Night (Week10)
zMXOMygCxYzrpQvVg49r	1787792400	33	33	100	12	0	GamePlay	Round Robin	Live	pickleball	Newbridge Inn summer sesh Wk 10 Final A
HCjsvAdeTmWnUHb4b4vW	1787792400	33	33	100	12	0	GamePlay	Round Robin	Live	pickleball	Newbridge Inn summer sesh Wk 10 Final B
ryzgqx40vtzbm8SC6hDL	1787706000	33	33	100	12	0	GamePlay	Round Robin	Live	pickleball	8/25/26 “EJ” Pop-Up Tournament #24
Ah9IsCSIzBkvtiWLs8vI	1787702400	33	33	100	12	0	GamePlay	Round Robin	Live	pickleball	PIckle Club Season 1 Wk 13 FINAL
GM9VckmPaSEhwzuB8z8H	1787673600	33	33	100	12	0	GamePlay	Round Robin	Live	pickleball	Tuesday day. HOLD ON SUMMER
giZAuif02Dp2XZ7rQywy	1787619600	26	33	78.8	12	0	GamePlay	Round Robin	Live	pickleball	Monday #155 Rally 15 A
0GOJPgTA9wlX0msYvMHz	1787619600	26	33	78.8	12	0	GamePlay	Round Robin	Live	pickleball	Monday #155 Rally 15 B
d3mF7F68MGTU5fsmJXyM	1787490000	15	30	50	6	0	GamePlay	Round Robin	Live	pickleball	Fixed coed doubles - Day 4
CR0xfk2OwZ3EC133TMkw	1787490000	15	30	50	6	0	GamePlay	Round Robin	Live	pickleball	Fixed coed doubles - phase 2
RuwJdPu7DydYf0rwYzct	1787331600	47	49.5	94.9	18	0	GamePlay	Round Robin	Live	pickleball	Friday Bracket B - S3W3
7F0uqoRp9GCVtIFDI2Gq	1787316300	48	67.5	71.1	18	0	GamePlay	Round Robin	Live	pickleball	E-Rizz Oh no!  8/21/26 LAUREN, YOU GOT THIS!
xkgTiM91dOwo5YiDzg1p	1787270400	33	33	100	12	0	GamePlay	Round Robin	Live	pickleball	Carpenters Pub Thursday Night (Week 9)
KY3E0IGK1LejdNgIH0GR	1787187600	33	33	100	12	0	GamePlay	Round Robin	Live	pickleball	Newbridge Inn summer sesh wk 9 A
wLiUYTLKwXJaRgQtPyWA	1787187600	33	33	100	12	0	GamePlay	Round Robin	Live	pickleball	Newbridge Inn summer sesh wk 9 B
PfiAR5j99ynIO80MRKxk	1787101200	33	33	100	12	0	GamePlay	Round Robin	Live	pickleball	8/18/26 “EJ” Pop-Up Tournament #23
cNjnSl3KajcqayMqyt9m	1787097600	33	33	100	12	0	GamePlay	Round Robin	Live	pickleball	Pickle Club Season 1 Wk 12
0qXbP3SMdIJ8b7TmE68s	1787068800	31	33	93.9	12	0	GamePlay	Round Robin	Live	pickleball	Tuesday (18th) 12pm
sq0vGGiBIUvFjn12DrVM	1787014812	6	6	100	25	0	GamePlay	Set Schedule	Live	pickleball	Monday MLP style #151#152#153
TwLJee6VJh8wdKhWiIYY	1786885200	30	33	90.9	12	0	GamePlay	Round Robin	Live	pickleball	Summer ladies league Day 5/6
EvziaiFUYRiNKH7fWC99	1786726800	42	44	95.5	16	0	GamePlay	Round Robin	Live	pickleball	Friday Bracket B - S3W2
6bBt1JEG4dM8d1RyCI5A	1786711500	45	63.75	70.6	17	0	GamePlay	Round Robin	Live	pickleball	McCormack here u go. 8/14/26. 3 YR anniversary MIP
3uvKCVpvQLXD8vybf8xn	1786665600	27	33	81.8	12	0	GamePlay	Round Robin	Live	pickleball	Carpenters Pub Thursday Night (Week 8)
xJY7cCbJOMVUC46sdViR	1786582800	29	33	87.9	12	0	GamePlay	Round Robin	Live	pickleball	Newbridge Inn summer sesh wk 8 B
9O97MfAqrLpGMSyfdJHI	1786582800	33	33	100	12	0	GamePlay	Round Robin	Live	pickleball	Newbridge inn summer sesh wk 8 A
kaDg6cgKUkq3AyElSXTL	1786496400	33	33	100	12	0	GamePlay	Round Robin	Live	pickleball	8/11/26 “EJ” 4.0+ Pop-Up Tournament #22
rt3iJUqU3V3yhWpsMd2L	1786492800	33	33	100	12	0	GamePlay	Round Robin	Live	pickleball	PIckle club Season 1 Wk 11
nHofiw4cJs2DW2jAtbNh	1786464000	31	33	93.9	12	0	GamePlay	Round Robin	Live	pickleball	Tuesday (11th) 12pm
5OaUXhuXGyilxmTGUgHi	1786410006	0	6	0	27	0	GamePlay	Set Schedule	Test	pickleball	Test MLP
rbx3KqmlVbuVYNVLGkd0	1786284000	15	30	50	6	0	GamePlay	Round Robin	Live	pickleball	Fixed coed doubles - Phase 2
k7coPgAPdsjlv6Q23lkE	1786280400	15	30	50	6	0	GamePlay	Round Robin	Live	pickleball	Fixed coed doubles - Day 3
FmpHCsbWgyhwM3YBJ0yN	1786122000	43	44	97.7	16	0	GamePlay	Round Robin	Live	pickleball	Friday Bracket B - S3W1
EuyrpZv987pjVrASGJwv	1786106700	50	54	92.6	18	0	GamePlay	Round Robin	Live	pickleball	What,  August already?  Fr-18.
dd6mUrgdJozYQo28CNtf	1786060800	33	33	100	12	0	GamePlay	Round Robin	Live	pickleball	Carpenters Pub Thursday Night (Week7)
vJm9g8ir8P2lURCUKsAe	1785978000	33	33	100	12	0	GamePlay	Round Robin	Live	pickleball	Newbridge inn summer sesh  wk 7 A
9oUntjlbKheXLg69FPkT	1785978000	28	33	84.8	12	0	GamePlay	Round Robin	Live	pickleball	Newbridge inn summer sesh wk 7 B
W77fURMhTfNPBpMjzMPy	1785891600	33	33	100	12	0	GamePlay	Round Robin	Live	pickleball	8/4/26 “EJ” Pop-Up Tournament #21
ijeSgNhx1sm5YbmcIBqZ	1785888000	33	33	100	12	0	GamePlay	Round Robin	Live	pickleball	Pickle club Season 1 Wk 10
JFHAJBQsqlvcvpcRQBpU	1785859200	33	33	100	12	0	GamePlay	Round Robin	Live	pickleball	Tuesday (4th) 12pm - meet my bro!
a0SWyi2tNTyWYVpfXaIg	1785675600	32	33	97	12	0	GamePlay	Round Robin	Live	pickleball	Summer ladies league Day 4/6
apJ6iDQWBeJe6ADrcA8M	1785517200	42	49.5	84.8	18	0	GamePlay	Round Robin	Live	pickleball	Friday Bracket B - S2W10
dhvh7BwcDMejBFG34ne4	1785501900	47	59.5	79	18	0	GamePlay	Round Robin	Live	pickleball	OBX no more 7/31/26
WvnBjYurb6D4Z57gLcqK	1785456000	33	33	100	12	0	GamePlay	Round Robin	Live	pickleball	Carpenters Pub Thursday Night (Week 6)
OBrSb8XU3tXjOjRYBlJ5	1785373200	33	33	100	12	0	GamePlay	Round Robin	Live	pickleball	Summer sesh Wk 6 B bracket
pNtNlrhsHJ9RjE1GrkWY	1785373200	33	33	100	12	0	GamePlay	Round Robin	Live	pickleball	Summer sesh wk 6 A bracket
CCM9HdkJ07uVL00RstZW	1785286800	33	33	100	12	0	GamePlay	Round Robin	Live	pickleball	7/28/26 “EJ” Pop-Up Tournament #20
Mxlkpd9DYwtlHIz7ilzH	1785283200	33	35.75	92.3	13	0	GamePlay	Round Robin	Live	pickleball	Pickle Club Season 1 Week 9
Po5ROvmNOOwVE19Tnzlu	1785254400	30	33	90.9	12	0	GamePlay	Round Robin	Live	pickleball	Tuesday (28th) 12pm Pickleball Plus
1HlzA9eYbgkNFpTNtUBQ	1785200400	22	22	100	24	0	Complete	Round Robin	Live	pickleball	#150. 4 rd into double elimination
QbQjVk2hhqvDzNa4mkP2	1785074400	15	15	100	6	0	GamePlay	Round Robin	Live	pickleball	Fixed coed doubles - Day 2 - Part 2
fZTxaMjTvK79ktjQS6H8	1785070800	15	30	50	6	0	GamePlay	Round Robin	Live	pickleball	Fixed coed doubles - Day 2
dwv8nVsk31Jj7rrnkMsQ	1784912400	44	46.75	94.1	17	0	GamePlay	Round Robin	Live	pickleball	Friday Bracket B - S2W9
IwtaWSjO8Bx8Qv6hWNvl	1784897100	44	60	73.3	16	0	GamePlay	Round Robin	Live	pickleball	The Scadute’s, the man!   7/24/26
uADiHzt3KwzCXS6sC760	1784851200	33	33	100	12	0	GamePlay	Round Robin	Live	pickleball	Carpenters pub Thursday night Wk 5
InI2x0YgfOHhUIDMXI5f	1784768400	33	33	100	12	0	GamePlay	Round Robin	Live	pickleball	Summer sesh Wk 5 A bracket
fhrdJAdI2K3XA8elkEgo	1784768400	33	33	100	12	0	GamePlay	Round Robin	Live	pickleball	Summer sesh Wk 5 B bracket
FjYjTQUZWL3dWda22W37	1784682000	33	33	100	12	0	GamePlay	Round Robin	Live	pickleball	7/21/26 Eddy Joseph Pop-Up Tournament #19
VmoEu7PDwmoamsxZ0MRC	1784678400	33	33	100	12	0	GamePlay	Round Robin	Live	pickleball	Pickle club Season 1 Wk 8
7GXpKlfDX3yM1Gbv4GQH	1784649600	32	33	97	12	0	GamePlay	Round Robin	Live	pickleball	Tuesday (21st) 12pm Pickleball Plus
Jt70UzIpLhsnove77I7h	1784595600	27	33	81.8	12	0	GamePlay	Round Robin	Live	pickleball	Monday #149 7/20/26
VwXTCuzzeCTyWwMxBIOy	1784595600	33	33	100	12	0	GamePlay	Round Robin	Live	pickleball	Monday #149 Higher DUPR
1dvcOzKzJQcAuqptnmey	1784466000	32	33	97	12	0	GamePlay	Round Robin	Live	pickleball	Summer ladies league Day 3/6
wqlGCQUXeieUcGSbWRCx	1784307600	27	30.25	89.3	11	0	GamePlay	Round Robin	Live	pickleball	Friday Bracket B - S2W8 - C3/4
uRPdEzsKThAVZxsUckNL	1784307600	22	27.5	80	10	0	GamePlay	Round Robin	Live	pickleball	Friday Bracket B - S2W8- C5/6
Y0ed1WLLhkkskEEchdhH	1784292300	43	52.5	81.9	15	0	GamePlay	Round Robin	Live	pickleball	Dave and Rizzi in OBX, Eddy Joseph running this 7/17/26
fUkTmNzT7GGjetlTU85z	1784246400	33	33	100	12	0	GamePlay	Round Robin	Live	pickleball	Carpenters pub Thursday night A Wk 4
jZZwzAea8j7AYsSZNMNy	1784246400	32	33	97	12	0	GamePlay	Round Robin	Live	pickleball	Carpenters pub Thursday night B Wk 4
pwaYijpJ1IPrP0F277Cp	1784163600	33	33	100	12	0	GamePlay	Round Robin	Live	pickleball	Summer Sesh Wk 4 A bracket
NZ6FpyIvbOlbzz7paWa6	1784163600	33	33	100	12	0	GamePlay	Round Robin	Live	pickleball	Summer sesh Wk 4 B bracket
NHAIcwI0obnhGPWUUi59	1784077200	33	33	100	12	0	GamePlay	Round Robin	Live	pickleball	7/14/26 Eddy Joseph Pop-Up Tournament #18
OQV8B9LVeLu1Owc3JKGi	1784073600	33	33	100	12	0	GamePlay	Round Robin	Live	pickleball	PIckle club Season 1 Wk 7
wmcTiZcQEeuaeDEUeVnu	1784044800	29	33	87.9	12	0	GamePlay	Round Robin	Live	pickleball	Tuesday (14th) 12pm
YbzsTCfqJF9nUjgyz1cy	1783990800	36	66	54.5	-11	0	GamePlay	Round Robin	Live	pickleball	MIP # 148 Team showdown Stork/Rizzi
qAEdgHkIouUtElBZzHRL	1783864800	15	15	100	6	0	GamePlay	Round Robin	Live	pickleball	Fixed doubles - Round 2
ApvCYztNMBNltbUh3J27	1783861200	15	15	100	6	0	GamePlay	Round Robin	Live	pickleball	Fixed doubles
aIKB7B5V1KLyHBOTW4qj	1783702800	33	33	100	13	0	GamePlay	Round Robin	Live	pickleball	Friday Bracket B - S2W7 - 4/5
sfVJSZwHUE9sBs2nY4U2	1783702800	30	33	90.9	12	0	GamePlay	Round Robin	Live	pickleball	Friday Bracket B - S2W7- 1/6
ZTE23G32bAxreWbMrhEE	1783687500	47	54	87	18	0	GamePlay	Round Robin	Live	pickleball	Season 3 Final.  7/10/26
tzlqQTqYp6k0tBdzzcxe	1783641600	33	33	100	12	0	GamePlay	Round Robin	Live	pickleball	Carpenters pub Thursday night A bracket Wk 3
cAT30rKYOxurTxXzQTNh	1783641600	29	33	87.9	12	0	GamePlay	Round Robin	Live	pickleball	Carpenters pub Thursday night B bracket wk 3
PAoHhYvdYJ4vkr6JYabE	1783558800	29	33	87.9	12	0	GamePlay	Round Robin	Live	pickleball	Summer sesh Wk 3 A bracket
XJlokD3lpfzcgPkGRRsx	1783558800	33	33	100	12	0	GamePlay	Round Robin	Live	pickleball	Summer sesh Wk 3 B bracket
sVspEz3UXLTRjTJlErYZ	1783472400	54	54	100	18	0	GamePlay	Round Robin	Live	pickleball	7/7/26 Eddy Joseph Pop-Up Tournament #17
MaR0U5PksrDHgVI8p3xY	1783468800	33	33	100	12	0	GamePlay	Round Robin	Live	pickleball	Pickle club Season 1 Wk 6
fYLTdoHRaE1weUiM5Hsr	1783440000	31	33	93.9	12	0	GamePlay	Round Robin	Live	pickleball	Tuesday (7th) 12pm - Kelli is back!
C43lrdGOK7ga1UAkthKh	1783386000	66	66	100	24	0	GamePlay	Round Robin	Live	pickleball	ALL 24 team building Monday #147
4dP9DbygqYAwgxIQeEbB	1783256400	33	33	100	12	0	GamePlay	Round Robin	Live	pickleball	Summer ladies league Day 2/6
LM23u7nddujoksdebrv4	1783098000	46	46.75	98.4	17	0	GamePlay	Round Robin	Live	pickleball	Friday Bracket B - S2W6
39IRVwEOz82A3REIya9V	1783082700	47	54	87	18	0	Complete	Round Robin	Live	pickleball	Summer so good. 7/3/26. 8:45 AM
2spm8s7rOZfhcKvyyEXB	1783036800	33	33	100	12	0	GamePlay	Round Robin	Live	pickleball	Carpenters pub Thursday night A bracket Wk 2
mtxiHVXn8yXNbKlvctIr	1783036800	32	33	97	12	0	GamePlay	Round Robin	Live	pickleball	Carpenters pub Thursday night B bracket Wk 2
s4pFH7BWg2sGBs3WULmD	1782954000	33	33	100	12	0	GamePlay	Round Robin	Live	pickleball	Summer sesh Wk 2 B bracket
TRwUeZMNPPO8mCUEtvGb	1782954000	33	33	100	12	0	GamePlay	Round Robin	Live	pickleball	Summer sesh. Wk 2 A bracket
v3HRZDUKg0iOB6MfBMvj	1782867600	54	54	100	18	0	GamePlay	Round Robin	Live	pickleball	6/30/26 Eddy Joseph Pop-Up Tournament #16
oRh2OjU0TlgJYfP5IYFa	1782864000	33	33	100	12	0	GamePlay	Round Robin	Live	pickleball	Pickle club Season 1 Wk 5
dJSIhVEhiZvecoZ0tC3r	1782835200	29	33	87.9	12	0	GamePlay	Round Robin	Live	pickleball	Tuesday (30th) 12pm at PB+
zs2RrmVwU4GRoQmnPfNM	1782781200	33	33	100	12	0	GamePlay	Round Robin	Live	pickleball	Monday League S-8 Wk-14 A bracket #146 Final
WjUXPbVs5zHDEQ7fmWkY	1782781200	32	33	97	12	0	GamePlay	Round Robin	Live	pickleball	Monday league S-8 Wk-14 B bracket #146 Final
3HOLVNX4mYWyL0QB2Pkt	1782651600	33	33	100	12	0	GamePlay	Round Robin	Live	pickleball	Women’s pop up
uCYx5KeS0FtUWrMbCO7R	1782493200	29	33	87.9	12	0	GamePlay	Round Robin	Live	pickleball	Friday Bracket B - S2W5 C7/8
w11ECudw5mswizfvo0Vl	1782493200	28	33	84.8	12	0	GamePlay	Round Robin	Live	pickleball	Friday Bracket B2 - S2W5 C9/10
Nl9jZFXmw6Eoul5Y1nGV	1782477900	46	54	85.2	18	0	GamePlay	Round Robin	Live	pickleball	School is out!  Friday AM 6/26/26
Zv4v4K2psGmMei2WXTeq	1782432000	60.5	66	91.7	24	0	GamePlay	Round Robin	Live	pickleball	Carpenters pub Thursday night all 24
wiNlo8lO7yI9Z9x207Lo	1782349200	66	66	100	24	0	GamePlay	Round Robin	Live	pickleball	Newbridge Inn Summer session Wk-1
XzSoQa3TJ5ZgFjpFXor0	1782262800	48	48	100	16	0	GamePlay	Round Robin	Live	pickleball	6/23/26 Eddy Joseph Pop-Up Tournament #15
9dp3Tx9C7tJ3nYIyBeLe	1782259200	33	33	100	12	0	GamePlay	Round Robin	Live	pickleball	Pickle club Season 1 Wk 4
o4FvTlAsKY1ZJyVRD1JB	1782230400	27	27.5	98.2	10	0	GamePlay	Round Robin	Live	pickleball	Tuesday (23rd) 12pm at PB+
jAOIY4kTLf01J7dQpVCC	1782176400	33	33	100	12	0	GamePlay	Round Robin	Live	pickleball	Monday league S-8 Wk-13 A bracket #145
RzbpUbSuOOfCpQoZ6tEQ	1782176400	33	33	100	12	0	GamePlay	Round Robin	Live	pickleball	Monday league S-8 Wk-13 B bracket #145
prp0G7YKtaqmruE9HMeb	1782046800	31	33	93.9	12	0	GamePlay	Round Robin	Live	pickleball	Sunday ladies league - happy father’s day to us!
eYpl6vq5eJtxnXEtOosW	1781888400	39	46.75	83.4	17	0	GamePlay	Round Robin	Live	pickleball	Friday Challenge Bracket B - S2W4
ZhR44W4v6YUGKgdqm4iL	1781873100	49	54	90.7	18	0	GamePlay	Round Robin	Live	pickleball	The Duff is here!   6/19/26
RJRz5A9XJTR2A3UUN8Be	1781827200	33	33	100	12	0	GamePlay	Round Robin	Live	pickleball	Carpenters pub Thursday night S-4 Wk-12
RMMjMNNxByHCK1cBTcw5	1781827200	32	33	97	12	0	GamePlay	Round Robin	Live	pickleball	Thursday night trial run
lx16FunpACDjvar08RHS	1781744400	33.5	35.75	93.7	13	0	GamePlay	Round Robin	Live	pickleball	Newbridge Inn presents A bracket S-6 Wk 13 Final
GJcMfztMAcKufCeF1IdQ	1781744400	33.5	35.75	93.7	13	0	GamePlay	Round Robin	Live	pickleball	Newbridge Inn presents B bracket S-6 Wk-13 Final
L4OhFCIvX426RS2Ibnqq	1781654400	33	33	100	12	0	GamePlay	Round Robin	Live	pickleball	Pickle club Season 1 Wk 3
hZyFanwrU1a0sfJfnCJP	1781625600	33	33	100	12	0	GamePlay	Round Robin	Live	pickleball	Tuesday (16th) 12pm at PB+
iKPJOIDPAWOZwVHwm629	1781571600	33	33	100	12	0	GamePlay	Round Robin	Live	pickleball	Monday league S-8 Wk-12 A bracket #144
BjEUWCtYpPDklc9IjauS	1781571600	33	33	100	12	0	GamePlay	Round Robin	Live	pickleball	Monday league S-8-Wk-12 B bracket #144
sD54dqyHRJ8oMkarGFST	1781451000	28	30	93.3	6	0	GamePlay	Set Schedule	Live	pickleball	👸 Queen of the Court - Phase 2
2FHgre5NPSW322ihZaEs	1781451000	30	30	100	6	0	GamePlay	Set Schedule	Live	pickleball	🤴 King of the Court - Phase 2
sne6Q5sTkiX4yFokdAk1	1781440200	33	33	100	12	0	GamePlay	Round Robin	Live	pickleball	The King of the Court - A Bracket
hLnj2AZ8brDqNreYmCnd	1781440200	33	33	100	12	0	GamePlay	Round Robin	Live	pickleball	The Queen of the Court - A Bracket
bbD7mKLqt0mhma6jKSgX	1781283600	48	49.5	97	18	0	GamePlay	Round Robin	Live	pickleball	Friday Challenge Bracket B - S2W3
AtyBjdmONvuN2QhAGmOB	1781268300	44	56.25	78.2	16	0	GamePlay	Round Robin	Live	pickleball	Rizzi’s show!   AM 18
GZtm0sQ3MkvhpL6EuScl	1781222400	33	33	100	12	0	GamePlay	Round Robin	Live	pickleball	Carpenters pub Thursday night S-4 Wk-11
ksp11UsPjyXqElCIAQqr	1781139600	33	33	100	12	0	GamePlay	Round Robin	Live	pickleball	Newbridge Inn presents A bracket S-6 Wk-12
uI9R1x1MnTFfqHRBfqSX	1781139600	33	33	100	12	0	GamePlay	Round Robin	Live	pickleball	Newbridge Inn presents B bracket S-6 Wk-12
EzqkjJUSeNrfaQ9yqZNo	1781053200	54	54	100	18	0	GamePlay	Round Robin	Live	pickleball	6/9/26 Eddy Joseph Pop-Up Tournament #14
rzMlZV0rEqDQPKHUTVmz	1781049600	33	33	100	12	0	GamePlay	Round Robin	Live	pickleball	Pickle club Season 1 Wk 2
4tHRtgKJdinJK4tCTCwf	1781020800	31	33	93.9	12	0	Complete	Round Robin	Live	pickleball	Tuesday 12pm at PB
K74VnH6CEPr3yxBid2Xl	1780966800	33	33	100	12	0	GamePlay	Round Robin	Live	pickleball	Monday league S-8 Wk-11 A bracket #143
qZEhkEJCF5kDqLhqYgsK	1780966800	33	33	100	12	0	GamePlay	Round Robin	Live	pickleball	Monday league S-8 Wk-11 B bracket #143
eDihkWlzv3HtFb29u3Gk	1780835400	45	45.5	98.9	14	0	GamePlay	Round Robin	Live	pickleball	Sunday Ladies - Let’s kick Danielle’s butt
oU2lHck7viyjeLbkk6h8	1780678800	43	46.75	92	17	0	GamePlay	Round Robin	Live	pickleball	Friday Challenge Bracket B - S2W2
dys3OPEaMII7v9bgsL67	1780663500	48	54	88.9	18	0	GamePlay	Round Robin	Live	pickleball	TGIF Summer $25   8:45 AM PLEASE 12 games
SVutHmoJmf1RWfJF60oY	1780617600	33	33	100	12	0	GamePlay	Round Robin	Live	pickleball	Carpenters pub Thursday night S-4 Wk-10
lYmmyDQCUgnKycyL4RFc	1780534800	33	33	100	12	0	GamePlay	Round Robin	Live	pickleball	Newbridge Inn presents A bracket S-6 Wk-11
Ks3Q9805wAkAH1JCqMJp	1780534800	33	33	100	12	0	GamePlay	Round Robin	Live	pickleball	Newbridge Inn presents B bracket S-6 wk-11
PMyJXO4w2NNkDQ94X6Ix	1780448400	54	54	100	18	0	GamePlay	Round Robin	Live	pickleball	6/2/26 Eddy Joseph Pop-Up Tournament #13
wqSA5zQPsFEIPkbMFXsQ	1780444800	33	33	100	12	0	GamePlay	Round Robin	Live	pickleball	Pickle club Season 1 Wk 1
NEZ4mQRTFHLVP3h97gVi	1780412400	33	33	100	12	0	GamePlay	Round Robin	Live	pickleball	Tuesday 11am at PB+
NwApUHzQv3B4jQZIAyIV	1780362000	33	33	100	12	0	GamePlay	Round Robin	Live	pickleball	Monday league S-8 Wk-10 A bracket #142
aKEDoN93YsBv3OkUfz8Y	1780362000	33	33	100	12	0	GamePlay	Round Robin	Live	pickleball	Monday league S-8 Wk-10 B bracket #142
YXU14Ww6xpkgCYPDcI7Z	1780232400	30	33	90.9	12	0	GamePlay	Round Robin	Live	pickleball	Sunday ladies. 5/31/26
KngPakKpeC1qCwnttfTl	1780074000	46	49.5	92.9	18	0	GamePlay	Round Robin	Live	pickleball	Friday Challenge Bracket B - S2W1
3FpZwYZw8C5hiFnTA5RM	1780058700	46	54	85.2	18	0	GamePlay	Round Robin	Live	pickleball	Summer time!  Last of the $22.  5/29/26.
BBEO6H2GD05gB3toHTqZ	1780012800	33	33	100	12	0	GamePlay	Round Robin	Live	pickleball	Carpenters pub Thursday night S-4 Wk-9
LStgXbW5tKVI7oGM15Hh	1779930000	33	33	100	12	0	GamePlay	Round Robin	Live	pickleball	Newbridge Inn presents S-6 WK-10 A
t3rDlPurSZtBj6QfgDyv	1779930000	33	33	100	12	0	GamePlay	Round Robin	Live	pickleball	Newbridge Inn presents S-6 Wk-10 B
TSLsYpvtntDqkTuafyC6	1779843600	54	54	100	18	0	Complete	Round Robin	Live	pickleball	5/26/26 Eddy Joseph Pop-Up Tournament #12
ZJ2jHqihHd26wEPrYqUR	1779834600	31	33	93.9	12	0	GamePlay	Round Robin	Live	pickleball	The Pickle club Tuesday trial run
gOqhjpqTF0ym6Ez9WkOz	1779811200	33	33	100	12	0	GamePlay	Round Robin	Live	pickleball	Tuesday league week 10
VWTvYW7WLDHHsVfoNHdI	1779757200	33	33	100	12	0	GamePlay	Round Robin	Live	pickleball	Monday league S-8 Wk-9 A bracket #141
zpbvQNVrvfOMk8waUy5l	1779757200	33	33	100	12	0	GamePlay	Round Robin	Live	pickleball	Monday league S-8 Wk-9 B bracket #141
KXkyCW2ObXQBQpD58aA9	1779627600	30	33	90.9	12	0	GamePlay	Round Robin	Live	pickleball	Sunday ladies. 5/24/26
n1I2hSc8pa98Rryp5t6u	1779469200	48	49.5	97	18	0	GamePlay	Round Robin	Live	pickleball	Friday Challenge Bracket B - S2D1
Uv53XVLgbsj5bmJqfOe5	1779453840	46	54	85.2	18	0	Complete	Round Robin	Live	pickleball	Summer SO close. 5/22/26. 8:45 AM. Starting June $25
ljj5BoxzSDYgWIak5gBJ	1779408000	33	33	100	12	0	GamePlay	Round Robin	Live	pickleball	Carpenters pub Thursday night S-4 Wk-8
PixC9SNy3v8vfNDuB1N9	1779325200	33	33	100	12	0	GamePlay	Round Robin	Live	pickleball	Newbridge Inn presents S-6 Wk-9 A
GmgHC0N0q4ep9fcaJE2F	1779325200	33	33	100	12	0	GamePlay	Round Robin	Live	pickleball	Newbridge Inn presents S-6 Wk-9 B
TNLMP7DtNaLDLn8uQJjm	1779206400	29	33	87.9	12	0	GamePlay	Round Robin	Live	pickleball	Tuesday league week 9
s5quLreU5gZ6QHz82hpl	1779152400	28	33	84.8	12	0	GamePlay	Round Robin	Live	pickleball	Monday league S-8 WK-8 B bracket #140
lJzCUEG39r7VfP1PISX3	1779152400	33	33	100	12	0	GamePlay	Round Robin	Live	pickleball	Monday league S-8 Wk-8 A bracket #140
fUcFlGx1QfcT1cksLu35	1779022800	33	33	100	12	0	GamePlay	Round Robin	Live	pickleball	Sunday Ladies. 5-17-26
8NMlTzDVvysvtEA1g6mV	1778864400	40	49.5	80.8	19	0	GamePlay	Round Robin	Live	pickleball	Friday Challenge Bracket B - Day 10
J1T0sw3hesZcXNUZHGaU	1778849100	46	54	85.2	18	0	Complete	Round Robin	Live	pickleball	Rizzi’s great 18.   5/15/26. 8:45 AM
diSkAldnisg9e3Wl56rv	1778803200	33	33	100	12	0	GamePlay	Round Robin	Live	pickleball	Carpenters pub Thursday night S-4 Wk-7
ltbHlP9wyipOm5TMOZOt	1778720400	33	33	100	12	0	GamePlay	Round Robin	Live	pickleball	Newbridge Inn presents S-6 Wk-8 A
f61ykZAmJCT68lqjnPiJ	1778720400	33	33	100	12	0	GamePlay	Round Robin	Live	pickleball	Newbridge Inn presents S-6 Wk-8 B
AhADHDE9FuaMlnXMoVwi	1778601600	31	33	93.9	12	0	GamePlay	Round Robin	Live	pickleball	Tuesday league week 8
qDqN3GD851lmKFTWvNW9	1778547600	30.25	33	91.7	12	0	GamePlay	Round Robin	Live	pickleball	Monday league S-8 Wk-7 A bracket #139
k7il84LbYCjWzed4IcLJ	1778547600	33	33	100	12	0	GamePlay	Round Robin	Live	pickleball	Monday league S-8 Wk-7 B bracket #139
XvhZAGysR0DEg71qgUqG	1778418000	31	33	93.9	12	0	GamePlay	Round Robin	Live	pickleball	Sunday Women!!!!  5/10/26
kf5BIsLLeMWzW2V0poj1	1778259600	45	49.5	90.9	18	0	GamePlay	Round Robin	Live	pickleball	Friday Challenge Bracket B - Day 9
sBj4q3UoDjfLkPCraSZH	1778244180	45	54	83.3	18	0	Complete	Round Robin	Live	pickleball	TGIF 5/8/26
e31HIv9xmEZzrbiBD0ap	1778198400	33	33	100	12	0	GamePlay	Round Robin	Live	pickleball	Carpenters pub Thursday night S-4 Wk-6
NcT48TuYn79ki2OoFysy	1778115600	28	35	80	10	0	GamePlay	Round Robin	Live	pickleball	Newbridge Inn presents  S-6 Wk-7 B
kfThSETWJ7uhv1givaO1	1778115600	33	33	100	12	0	GamePlay	Round Robin	Live	pickleball	Newbridge Inn presents S-6 Wk-7 A
dLrQo9QnPwWRubZHyTpi	1777996800	32	33	97	12	0	GamePlay	Round Robin	Live	pickleball	Tuesday league week 7 - A Bracket
ncYGFmn5Vn5sSSHqYqRK	1777942800	33	33	100	12	0	GamePlay	Round Robin	Live	pickleball	Monday league S-8 Wk-6 A bracket #138
ZteWmZMQpTAvhMUWiDT8	1777942800	33	33	100	12	0	GamePlay	Round Robin	Live	pickleball	Monday league S-8 Wk-6 B bracket #138
7mujEasffNMBcaF1M5RV	1777838400	49	49	100	50	0	Complete	Round Robin	Live	pickleball	MIP Tournament #2  @ Pickleball plus. 5/3/26
NmCqzQr9vmUkq0dYmDcY	1777813200	31	33	93.9	12	0	GamePlay	Round Robin	Live	pickleball	Women’s league S-2 Wk-13
yypWeOWdH977myvgkVhC	1777654800	30	33	90.9	12	0	GamePlay	Round Robin	Live	pickleball	Friday Challenge Bracket B - Day 8
EmGmMKmaPW31hQuKWXOZ	1777639500	47	54	87	18	0	GamePlay	Round Robin	Live	pickleball	8:45 Start.  5/1/26.  💐🌺🌹🌸
S2aYS03Covo6tBT9g5Vk	1777593600	33	33	100	12	0	GamePlay	Round Robin	Live	pickleball	Carpenters pub Thursday night S-4 Wk-5
VmkanxUYchKYzG6d8NNt	1777510800	33	33	100	12	0	GamePlay	Round Robin	Live	pickleball	Newbridge Inn presents S-6 Wk-6 A
dt8bLLVaijggTmZ2pz3a	1777510800	33	33	100	12	0	GamePlay	Round Robin	Live	pickleball	Newbridge Inn presents S-6 Wk-6 B
eufQddUGYEqaMI40l4ze	1777392000	33	33	100	12	0	GamePlay	Round Robin	Live	pickleball	Tuesday league week 6 - A Bracket
k3b6kVo23Ph41hONbpM0	1777338000	33	33	100	12	0	GamePlay	Round Robin	Live	pickleball	Monday league S-8 Wk-5 A bracket #137
hkJ3nPREnJRd0dFNYB6L	1777338000	33	33	100	12	0	GamePlay	Round Robin	Live	pickleball	Monday league S-8 Wk-5 B bracket #137
I80YKt1NSBtbaSHKaBql	1777208400	33	33	100	12	0	GamePlay	Round Robin	Live	pickleball	Women's league S-2 Wk-12
BRTUFLazDAkFrtAMSp3s	1777050000	45	49.5	90.9	18	0	GamePlay	Round Robin	Live	pickleball	Friday Challenge Bracket B - Day 7
bNXyBF2ZXQJlhy432HNb	1777034700	50	54	92.6	18	0	Complete	Round Robin	Live	pickleball	AM 18.  We miss Narae.
Rqib87XEtVfcVLXRnW3G	1776988800	33	33	100	12	0	GamePlay	Round Robin	Live	pickleball	Carpenters pub Thursday night S-4 Wk-4
7GOJsKROqIjM33KbMa5I	1776906000	33	33	100	12	0	GamePlay	Round Robin	Live	pickleball	Newbridge Inn presents S-6 Wk-5 A
mBgNkpcLN38xGOlRI7ho	1776906000	33	33	100	12	0	GamePlay	Round Robin	Live	pickleball	Newbridge Inn presents S-6 Wk-5 B
f2213kNPv48n7pY4ujKd	1776787200	32	33	97	12	0	Complete	Round Robin	Live	pickleball	Tuesday league week 5 - A Bracket
5aAfGsF5BshZLvh6Mp1H	1776733200	33	33	100	12	0	GamePlay	Round Robin	Live	pickleball	Monday league S-8 Wk-4 A bracket #136
aUeUiJpi1P8N7KupPP5H	1776733200	33	33	100	12	0	GamePlay	Round Robin	Live	pickleball	Monday league S-8 Wk-4 B bracket #136
DIeftAfzYZE4lvXrzjzc	1776603600	27	30.25	89.3	12	0	GamePlay	Round Robin	Live	pickleball	Women’s league S-2 Wk-11
6S8AUTmiMQwzHElyCNOc	1776540960	0	0.5	0	2	0	Setup	Round Robin	Test	pickleball	Test test
wMdhWC230eGwaYvsmjGK	1776445200	47	49.5	94.9	18	0	Complete	Round Robin	Live	pickleball	Friday Challenge Bracket B - Day 6
gtKNqsbTX0zEXhcWJMuV	1776429900	46	54	85.2	18	0	Complete	Round Robin	Live	pickleball	8:45 Friday AM,  let’s go!!! 9 if u must
VEd1bDRPd8dRkGg9JSBu	1776384000	33	33	100	12	0	GamePlay	Round Robin	Live	pickleball	Carpenters pub Thursday night S-4 Wk-3
Gb2vNKkW1BukQMZEY6gS	1776301200	33	33	100	12	0	GamePlay	Round Robin	Live	pickleball	Newbridge Inn presents S-6 Wk-4 A
Uf7uBeNhFkKPGUuzumAZ	1776301200	33	33	100	12	0	GamePlay	Round Robin	Live	pickleball	Newbridge Inn presents S-6 Wk-4 B
iMyTHUU6Qgb9UUcv7w3e	1776299400				0	0	Setup	Round Robin	Live	pickleball	The Queen of the Court - A Bracket
FXHXBFdESW1pyAfKHnjR	1776296400	7.5	7.5	100	6	0	GamePlay	Round Robin	Live	pickleball	PIckle club trial #2
ZyE3wFljuCrjs8cmFjZt	1776294000	7	7.5	93.3	6	0	GamePlay	Round Robin	Live	pickleball	Pickle Club trial #1. LET’S GO!!!!!
mzicOfDC99fMH3lrd1OK	1776218400	27	30.25	89.3	11	0	GamePlay	Round Robin	Live	pickleball	4//14/26 Eddy Joseph Pop-Up Tournament #11
ploLHmAMny63qmN9bRa3	1776189600	31	33	93.9	12	0	GamePlay	Round Robin	Live	pickleball	Tuesday Pop Up -  Bracket B
4roMzI5j5PURjFrFVq4k	1776182400	32	33	97	12	0	GamePlay	Round Robin	Live	pickleball	Tuesday league week 4 - A Bracket
CMVQFAaEmkXUdq1v7LOW	1776128400	33	33	100	12	0	GamePlay	Round Robin	Live	pickleball	Monday league S-8 Wk-3 A bracket #135
ClIgU4Hn1DeEHbSVuFzO	1776128400	29	33	87.9	12	0	GamePlay	Round Robin	Live	pickleball	Monday league S-8 Wk-3 B bracket #135
S7dvD54K6X2xuRE6LuDB	1775998800	33	33	100	12	0	GamePlay	Round Robin	Live	pickleball	Women’s league S-2 Wk 10
1fwMD4KoBtQYdL8ebt2L	1775840460	46	49.5	92.9	18	0	GamePlay	Round Robin	Live	pickleball	Friday Challenge Bracket B - Day 5
uH7pMTzQbcBjE1JzXMFG	1775825100	46	54	85.2	18	0	Complete	Round Robin	Live	pickleball	4/10/26 Friday 18. 8:45 AM
TSIic63j43CJT7BzefdR	1775779200	33	33	100	12	0	GamePlay	Round Robin	Live	pickleball	Carpenters pub Thursday night S-4 Wk-2
aQvyQfLnTIsaXS54YTYj	1775765100	13	33	39.4	12	0	GamePlay	Round Robin	Test	pickleball	Gonna try
n41InQSiABMWASik3VET	1775696400	33	33	100	12	0	GamePlay	Round Robin	Live	pickleball	Newbridge Inn  presents S-6 wk-3 A
Ny15tQKhtUBu3r3tNWZe	1775696400	33	33	100	12	0	GamePlay	Round Robin	Live	pickleball	Newbridge Inn presents S-6 Wk-3 B
zo3BreyhqFK26dCbbsjS	1775613600	33	33	100	12	0	GamePlay	Round Robin	Live	pickleball	4/7/26 Eddy Joseph Pop-Up Tournament #10
EPfdwSw5c4a5Sx9Ww2DX	1775577600	33	33	100	12	0	GamePlay	Round Robin	Live	pickleball	Tuesday league wk 3
DTYnxjMDK3Tvl4O6e6Tj	1775523600	33	33	100	12	0	GamePlay	Round Robin	Live	pickleball	Monday league S-8 Wk-2 A bracket #134
Mp6z5cAQor9ChVN59Nmd	1775523600	33	33	100	12	0	GamePlay	Round Robin	Live	pickleball	Monday league S-8 Wk-2 B bracket #134
Sgc4Zz1MgIPtw2gRY02M	1775394000	33	33	100	12	0	GamePlay	Round Robin	Live	pickleball	Women’s league S-2 Wk-9
vPW6vsbMLQCNZxAAUg9u	1775235600	31	33	93.9	12	0	Complete	Round Robin	Live	pickleball	Friday Challenge Bracket B - Day 4
ChN7gjDs3g2blhzkppe9	1775220360	47	54	87	18	0	Complete	Round Robin	Live	pickleball	Friday 18.  Everyone is waiting for Narea!!  4/3/26. New "season"
HR8J51S9CKaEtreb7rMg	1775174400	33	33	100	12	0	GamePlay	Round Robin	Live	pickleball	Carpenters pub Thursday nights S-4 wk-1
P6na3WlKw3E5CnbMSSE1	1775091600	33	33	100	12	0	GamePlay	Round Robin	Live	pickleball	Newbridge Inn presents Season 6 Wk-2 A bracket
5OoAkIfGAfZTMB6p6vKf	1775091600	33	33	100	12	0	GamePlay	Round Robin	Live	pickleball	Newbridge Inn presents Season 6 Wk-2 B bracket
2KvbHPW5DqpLabnNfsyH	1774972800	33	33	100	12	0	GamePlay	Round Robin	Live	pickleball	Tuesday League - Day 2
g1NYuw0J2r8e4xvJZkxx	1774918800	66	66	100	24	0	GamePlay	Round Robin	Live	pickleball	Monday league S-8 Wk-1 All 24. #133 🇺🇸
845KQycJWTXS90j3K6Pi	1774789200	30	33	90.9	12	0	GamePlay	Round Robin	Live	pickleball	Women’s league S-2 Wk-8
OM3A9aANzxiMe9wm51u4	1774665240	1	84	1.2	48	0	GamePlay	Round Robin	Test	pickleball	test
vwkgdEejfknIQgXN6dEt	1774630800	26	30.25	86	11	0	Complete	Round Robin	Live	pickleball	Friday Challenge Bracket B - Day 3
pUm4jKu0yOefT7CnfKRk	1774616400	45	54	83.3	18	0	Complete	Round Robin	Live	pickleball	Friday 18. RIzzi sighting. 3/27/26.  Last week for fun standings
4BBJ3XnREOeKqADDw1of	1774569600	30	38.5	77.9	11	0	Complete	Round Robin	Live	pickleball	Carpenters pub Thursday night S-3 Wk-13 final
BK2kXl8ttzuUZnAHuQZ3	1774486800	66	66	100	24	0	GamePlay	Round Robin	Live	pickleball	Newbridge Inn presents Season 6 Wk-1 All 24
YkSf8xQtGhHdmPFn9jun	1774368000	27	27.5	98.2	11	0	GamePlay	Round Robin	Live	pickleball	Tuesday League - Day 1
loIOUh2RuSBW0cAUqlMw	1774314000	33	33	100	12	0	GamePlay	Round Robin	Live	pickleball	Monday League S-7 Wk-14 B bracket #133
eOt1riK4003rh6gX8snD	1774314000	33	33	100	12	0	GamePlay	Round Robin	Live	pickleball	Monday league S-7 Wk-14 A Bracket #133
nu1o6ypvRjdgWTo0MHoe	1774184400	33	33	100	12	0	GamePlay	Round Robin	Live	pickleball	Women’s league S-2 Wk-7
GBzp2PbvH2kXS2U2CagI	1774024200	32	33	97	12	0	GamePlay	Round Robin	Live	pickleball	Friday Pickeball Challenge - Day 2
gWftjyLTlQ5JxtMaosm3	1774011000	48	54	88.9	18	0	GamePlay	Round Robin	Live	pickleball	Friday 18. Sad, no E.Rizz again 😢 3-20-26
som3LJXL8n8ax4UIO5Em	1773964800	33	33	100	12	0	GamePlay	Round Robin	Live	pickleball	Carpenters pub Thursday night S-3 Wk-12
jtbJdpy1fEiOLg7Nco6E	1773882000	33	33	100	12	0	GamePlay	Round Robin	Live	pickleball	Newbridge Inn presents WNPB A bracket S-5 Wk-13 Final
DbZVAPxtAcOAHETlw3Cl	1773882000	33	33	100	12	0	GamePlay	Round Robin	Live	pickleball	Newbridge Inn presents WNPB B bracket S-5 Wk-13 FInal
uQmTMxNDkK5AC4xrz372	1773786600	45	45	100	10	0	GamePlay	Round Robin	Live	pickleball	Singles DUPR
lKRy36GtEq9yKclLg27h	1773709200	33	33	100	12	0	GamePlay	Round Robin	Live	pickleball	Monday league S-7 Wk-13 A bracket #132
RVogSkErSMUHfOFE6d0s	1773709200	33	33	100	12	0	GamePlay	Round Robin	Live	pickleball	Monday league S-7 Wk-13 B bracket #132
5iOcyWHx1jHveBVIyV6r	1773613800	6	6	100	5	0	GamePlay	Set Schedule	Live	pickleball	MIP Team play trial
WmKgMwgXENRbXLPS2oKg	1773579600	32	33	97	14	0	GamePlay	Round Robin	Live	pickleball	Women’s league S-2 Wk-6
m7suiK64mfvEOQQWsusM	1773419400	32	33	97	12	0	GamePlay	Round Robin	Live	pickleball	Friday the 13th Pickeball Challenge
SuJnw6iDJRxdrFgb1FaO	1773405900	48	54	88.9	18	0	Complete	Round Robin	Live	pickleball	The return of E.Rizz. 3/13/26
ORhFeNw2vGvEBUs6x5NQ	1773360000	33	33	100	12	0	GamePlay	Round Robin	Live	pickleball	Carpenters pub Thursday night S-3 Wk-11 @PB+
emZh7JwA3xKZZY2L03g5	1773277200	33	33	100	12	0	GamePlay	Round Robin	Live	pickleball	Newbridge Inn presents WNPB A bracket S-5 Wk-12
RQk4mP9JdvpH30geuhAe	1773277200	33	33	100	12	0	GamePlay	Round Robin	Live	pickleball	Newbridge Inn presents WNPB B bracket S-5 Wk-12
HqQnWjS77byBUK1HJTMj	1773104400	33	33	100	12	0	GamePlay	Round Robin	Live	pickleball	Monday league S-7 Wk-12 A bracket #131
szz1IyGGp3iwD8fcmmNQ	1773104400	33	33	100	12	0	GamePlay	Round Robin	Live	pickleball	Monday league S-7 Wk-12 B bracket #131
B5mFgR0CXsBZAxiQ4tIp	1772974800	31	33	93.9	12	0	GamePlay	Round Robin	Live	pickleball	Women’s League S-2 Wk-5
J5PavaahFuQDQ73T6Sde	1772906400	4	4	100	13	0	Complete	Round Robin	Live	pickleball	Fixed Partners
AoWfeR3D51CwN0q4hgdV	1772805600	50	54	92.6	18	0	Complete	Round Robin	Live	pickleball	The Eddie Rizzi jealousy is real.  3/6/26
jFQWVs6ToM3Eg6NF8hcF	1772758800	33	33	100	12	0	GamePlay	Round Robin	Live	pickleball	Carpenters pub Thursday night S-3 Wk-10 @PB+
VadwU37RKUS7tNMRlwXc	1772676000	33	33	100	12	0	GamePlay	Round Robin	Live	pickleball	Newbridge Inn presents WNPB A  S-5 Wk-11
95CvkEXwSstTa3CDTHjw	1772676000	33	33	100	12	0	GamePlay	Round Robin	Live	pickleball	Newbridge Inn presents WNPB B S-5 Wk-11
sUtWiCeWdfA7B5CIWRg7	1772667840	1	6	16.7	4	0	GamePlay	Set Schedule	Test	pickleball	MLP style
atQsDSK50nUyl9BnI2g1	1772663700	2	22	9.1	8	0	GamePlay	Round Robin	Test	pickleball	OK sound on
gPHd1LYD2sArge2XCDVL	1772503200	33	33	100	12	0	GamePlay	Round Robin	Live	pickleball	Monday League S-7 Wk-11 B Bracket #130
SRp4TIWjWxx8a5S4ZD6V	1772503200	33	33	100	12	0	GamePlay	Round Robin	Live	pickleball	Monday league S-7 Wk-11 A bracket #130
fN028hsvBcluxHABirzC	1772384400	5	7.5	66.7	5	0	GamePlay	Round Robin	Live	pickleball	3-1/26
ebfQIaByPFxHdC1dOEC9	1772384400	5	7.5	66.7	5	0	GamePlay	Round Robin	Live	pickleball	3-1/26 - Copy
mNjgGLdSN5Zl4QEyRZQS	1772384400	0	7.5	0	5	0	GamePlay	Round Robin	Live	pickleball	3-1/26 - Copy
x7V8ZyPDLTPiR8iJWfWr	1772384400	5	7.5	66.7	5	0	GamePlay	Round Robin	Live	pickleball	3-1/26 - Copy - Copy
Tj3E3fwH2t9rwUE4xZpw	1772373600	32	33	97	12	0	GamePlay	Round Robin	Live	pickleball	Women’s league S-2 Wk-4
kDyrFPmbHABws6LxOydo	1772200800	45	54	83.3	18	0	GamePlay	Round Robin	Live	pickleball	Friday 18’s. Happy Anniversary Kerrin 27 Years! 2/27/26
2HjM3vdBQRM2bxS0LTMd	1772154000	33	33	100	12	0	GamePlay	Round Robin	Live	pickleball	Carpenters pub Thursday night S-3 Wk-9 @PB+
TeiglXccSO4K8ZsiG3b8	1772071200	33	33	100	12	0	GamePlay	Round Robin	Live	pickleball	Newbridge Inn presents WNPB A bracket S-5 Wk-10
DUAFNMdnTmTVSaaCAcsB	1772071200	33	33	100	12	0	GamePlay	Round Robin	Live	pickleball	Newbridge Inn presents WNPB B bracket  S-5 Wk-10
RF5P2t2HJjWuydQdZ4SI	1771768800	31	33	93.9	12	0	GamePlay	Round Robin	Live	pickleball	Women’s league S-2 Wk-3
mZLS2uo5OOVOl7vTUJED	1771596000	52	54	96.3	18	0	GamePlay	Round Robin	Live	pickleball	Friday 18’s Love it!   2/20/26
g6xLY714g9vq4oZr0WYh	1771549200	33	33	100	12	0	GamePlay	Round Robin	Live	pickleball	Carpenters pub Thursday night S-3 Wk-8 @PB +
GXU68qPSt68OqW5eBQYp	1771466400	33	33	100	12	0	GamePlay	Round Robin	Live	pickleball	Newbridge Inn presents WNPB A bracket S-5 Wk-9
XPG9XJ0pUtw2C10TIYVI	1771466400	33	33	100	12	0	GamePlay	Round Robin	Live	pickleball	Newbridge Inn presents WNPB B bracket S-5 Wk-9
CbfaCWk3icZZ4phXWub6	1771293600	33	33	100	12	0	GamePlay	Round Robin	Live	pickleball	Monday League S-7 Wk-10 B bracket #129
OHmtjF2X1sAht1Iblgfc	1771293600	33	33	100	12	0	GamePlay	Round Robin	Live	pickleball	Monday league S-7 Wk-10 A bracket #129
Waj3RkuLaa0MVmodLruF	1771164000	33	33	100	12	0	GamePlay	Round Robin	Live	pickleball	Woman’s league S-2 Wk-2
8u1c5G4d2hlEat4pJumo	1770991200	48.75	54	90.3	18	0	Complete	Round Robin	Live	pickleball	Friday 18,  Friday the 13th. 😬.  2/13/26
FBBlSQrUqHOe7gxE15KT	1770944400	33	33	100	12	0	GamePlay	Round Robin	Live	pickleball	carpenters pub Thursday night S-3 Wk-7 @PB+
kGpTLsevTB3oXLo81uLF	1770861600	33	33	100	12	0	GamePlay	Round Robin	Live	pickleball	Newbridge Inn presents WNPB A bracket S-5 Wk-8
Pc7R0OSgNMEhphc4ybJs	1770861600	33	33	100	12	0	GamePlay	Round Robin	Live	pickleball	Newbridge Inn presents WNPB B bracket S-5 Wk-8
ZVtGaiVeONek248vQFAo	1770688800	33	33	100	12	0	GamePlay	Round Robin	Live	pickleball	Monday League S-7 Wk-9 B bracket #128
TGz6IzpfGdsx0P2f5DcQ	1770688800	33	33	100	12	0	GamePlay	Round Robin	Live	pickleball	Monday league S-7 Wk-9 A bracket #128
C2Nfjho2kssHYRWZ8nEt	1770562800	14	14	100	16	0	Complete	Round Robin	Test	pickleball	Try this
OM1gpqLVDUCDrlN9QZBi	1770559200	30	33	90.9	12	0	Complete	Round Robin	Live	pickleball	Women’s league S-2 Wk-1
W1DbDMovctckBrwQlfkC	1770498000	88	143	61.5	26	0	GamePlay	Round Robin	Live	pickleball	Merrick in Picklr
Zj81XmdEaTcFPBZcdVkX	1770386400	47	54	87	18	0	Complete	Round Robin	Live	pickleball	BIg Friday 18.  2/6/26
PLwsy7xq5JausRu3PPmU	1770339600	33	33	100	12	0	GamePlay	Round Robin	Live	pickleball	Carpenters pub Thursday night S-3 Wk-6 @PB +
erRCZ0dizm5c3VH3LXzm	1770256800	33	33	100	12	0	GamePlay	Round Robin	Live	pickleball	Newbridge Inn presents WNPB A bracket S-5 Wk-7
YACmwDMKBtKYa8cWliNQ	1770256800	33	33	100	12	0	GamePlay	Round Robin	Live	pickleball	Newbridge in presents WNPB B bracket S-5 Wk-7
PbYgURAxEQeNfRIXJen2	1770084000	33	33	100	12	0	GamePlay	Round Robin	Live	pickleball	Monday League S-7 Wk-8 A bracket #127
rqVMQkjYDRP101hvBAfQ	1770084000	33	33	100	12	0	GamePlay	Round Robin	Live	pickleball	Monday League S-7 Wk-8 B bracket #127
B2v2JOe9cEW988bN2hED	1769968800	48	48	100	50	0	Complete	Round Robin	Live	pickleball	Pickleball heaven invitational
T91NFRKELh6RPtRr5tKS	1769954400	30	33	90.9	12	0	GamePlay	Round Robin	Live	pickleball	Women’s league S-1 Wk-13 redo, damn snow!
1YdQABARYd6220fGgEdD	1769781600	0	16	0	18	0	Bracket	Round Robin	Live	pickleball	Friday take 2.  18 players. 1/30/26
aAIJ6N5x6oPXLbpawgvg	1769734800	33	33	100	12	0	GamePlay	Round Robin	Live	pickleball	Carpenters pub Thursday night S-3 Wk-5 @PB+
nRgcbubwc8CPeK687cjY	1769652000	33	33	100	12	0	GamePlay	Round Robin	Live	pickleball	Newbridge Inn presents  WNPB B bracket S-5 wk-6
3D2A7yhkizbYlQqeXcjT	1769652000	33	33	100	12	0	GamePlay	Round Robin	Live	pickleball	Newbridge Inn presents WNPB A bracket S-5 Wk-6
Ly7o4jGwf6FjdiR6Rd4L	1769479200	28	33	84.8	12	0	GamePlay	Round Robin	Live	pickleball	Monday League S-7 Wk-7 B bracket #126
bjOOg6FWayfHC8WgQnHs	1769479200	33	33	100	12	0	GamePlay	Round Robin	Live	pickleball	Monday league S-7 Wk-7 A Bracket #126
3TEWZbs4ogMbOzU7WcTV	1769349600	18	24.75	72.7	9	0	Complete	Round Robin	Live	pickleball	Women’s league S-1 Wk-13
EXwtcJuGoECPjwR3dx25	1769176800	49	54	90.7	18	0	Complete	Round Robin	Live	pickleball	Friday 18?  Let’s go. 1/23/26
b3IqJ1nKnrvNK55kYGTr	1769130000	33	33	100	12	0	GamePlay	Round Robin	Live	pickleball	Carpenters pub Thursday night S-3 Wk-4 @PB+
hMmeYKSgigAbrCDRQ4fn	1769047200	33	33	100	12	0	GamePlay	Round Robin	Live	pickleball	Newbridge Inn presents WNPB S-5 Wk-5 A Bracket
Go9BopYD9fBbZ3j49sst	1769047200	33	33	100	12	0	GamePlay	Round Robin	Live	pickleball	Newbridge Inn presents WNPB S-5 Wk-5 B bracket
xqFhAoQnak2Bg0MOxILe	1768964400	33	33	100	12	0	GamePlay	Round Robin	Live	pickleball	1/20/26 Eddy Joseph Pop-Up Tournament #9
iReGZPNJZaKUQv7vw8w8	1768874400	30	33	90.9	12	0	GamePlay	Round Robin	Live	pickleball	Monday league S-7 Wk-6 A bracket #125
J9Olwz9sbji77aP7rqiw	1768874400	27	33	81.8	12	0	GamePlay	Round Robin	Live	pickleball	Monday league S-7 Wk-6 B bracket #125
WymYcz8XtXN2DREusGzE	1768744800	31	33	93.9	12	0	GamePlay	Round Robin	Live	pickleball	Woman’s league S-1 Wk-12
FgqHmsS4TCUPJFlniLka	1768572000	33	33	100	12	0	GamePlay	Round Robin	Live	pickleball	Friday the good stuff!  1/16/26.   Wk 3
lpg7PFMwqyVBsxKxPx6o	1768525200	33	33	100	12	0	GamePlay	Round Robin	Live	pickleball	Carpenters pub Thursday night S-3 Wk-3 @PB +
orkhPu1J3tGn7Gzha7O7	1768442400	33	33	100	12	0	GamePlay	Round Robin	Live	pickleball	Newbridge Inn presents WNPB S-5 Wk-4 A bracket
KfEELOjIkkjZGIVg92GW	1768442400	33	33	100	12	0	GamePlay	Round Robin	Live	pickleball	Newbridge Inn presents WNPD S-5 Wk-4 B bracket
7QFknx2tlIOAwDpj4RRB	1768359600	33	33	100	12	0	GamePlay	Round Robin	Live	pickleball	1/13/26 Eddy Joseph Pop-Up Tournament #8
jw8s414gqgnUNKtTNBuY	1768269600	33	33	100	12	0	GamePlay	Round Robin	Live	pickleball	Monday League S-7 Wk-5 A Bracket #124
2aj4YBo0LwiPaaL8BiRM	1768269600	33	33	100	12	0	GamePlay	Round Robin	Live	pickleball	Monday League S-7 Wk-5 B bracket #124
msqGFzK1S1IkuPDkPtAu	1768140000	30	33	90.9	12	0	Complete	Round Robin	Live	pickleball	Woman’s league S-1 wk-11
n4cDoexxoB86iTnoKMnC	1767967200	30	33	90.9	12	0	Complete	Round Robin	Live	pickleball	Friday AM.  First 12 get it   1/9/26
6a6QoWqpIL2s7i75KUUU	1767920400	33	33	100	12	0	GamePlay	Round Robin	Live	pickleball	Carpenter Pub Thursday night S-3-Wk-2 @PB+
FiYtkXp9x2oKRiF49Pqk	1767837600	33	33	100	12	0	GamePlay	Round Robin	Live	pickleball	Newbridge Inn presents WNPB S-5 Wk-3 A Bracket
YlL9QVDMp2TKpxfznclY	1767837600	33	33	100	12	0	GamePlay	Round Robin	Live	pickleball	Newbridge Inn presents WNPB S-5 Wk-3 B bracket
cL3RiowNeE23IaBFchyP	1767664800	33	33	100	12	0	GamePlay	Round Robin	Live	pickleball	Monday League S-7 Wk-4 A Bracket #123
vWlA30PG2e5BKSuooOrw	1767664800	33	33	100	12	0	GamePlay	Round Robin	Live	pickleball	Monday League S-7 Wk-4 B bracket #123
VRZqPJh3Zty1NXUfiqsU	1767642060	11	27.5	40	10	0	Setup	Round Robin	Live	pickleball	Standings adjust
Z6wtjj4LuVQMpY8hVZog	1767535200	33	33	100	13	0	GamePlay	Round Robin	Live	pickleball	Woman's league S-1 Wk-10
MWCzASPPyyAsMekOMV3G	1767362400	33	33	100	12	0	GamePlay	Round Robin	Live	pickleball	Happy new year!  1/2/26. Let’s go!!!!!! New Friday season
208DCVuaXTeN9KbMRlqR	1767315600	32	33	97	12	0	Complete	Round Robin	Live	pickleball	Carpenters pub Thursday night league S-3 Wk-1 @ PB+
w3ev0TtytYU219TXy7ED	1767060000	33	33	100	12	0	GamePlay	Round Robin	Live	pickleball	Monday League S-7 Wk-3 B bracket #122
96B2Re23ysijGnL6Rpgq	1767060000	33	33	100	12	0	GamePlay	Round Robin	Live	pickleball	Monday league S-7 Wk-3 A Bracket #122
4UIMRquUCQLwHZROAXow	1766930400	27	33	81.8	12	0	GamePlay	Round Robin	Live	pickleball	Woman’s league S-1 Wk-9
AuaQ5yg1iaoSEyoW9xK5	1766757600	33	33	100	12	0	GamePlay	Round Robin	Live	pickleball	Friday Christmas hangover.  12/26/25
rBtqi9sSu5VVWUiuzYjS	1766455200	33	33	100	12	0	GamePlay	Round Robin	Live	pickleball	Monday league S-7 Wk-2 A bracket #121
mmTHj6RWtPUTRhdlPrvk	1766455200	33	33	100	12	0	GamePlay	Round Robin	Live	pickleball	Monday league S-7 Wk-2 B bracket #121
Ypf2032IwOqyt1Ze7wOJ	1766325600	32	33	97	12	0	GamePlay	Round Robin	Live	pickleball	Woman’s League S-1 Wk-8
0CV4YK3TGuT82dJDh4uM	1766152800	26.75	33	81.1	12	0	Complete	Round Robin	Live	pickleball	Friday and back to work for me,  yuck!  12/19/25
jwPK1das051aW6vFE1EO	1766106000	33	33	100	12	0	GamePlay	Round Robin	Live	pickleball	Thursday Season 2 Final
ARa1NSUUrZbzA3RWwa2M	1766023200	33	33	100	12	0	GamePlay	Round Robin	Live	pickleball	Wednesday S-5 Wk-2 A Bracket
BvDyiNqahFVK71cEoOTw	1766023200	33	33	100	12	0	GamePlay	Round Robin	Live	pickleball	Wednesday S-5 Wk-2 B bracket
4GBsIz4zDUF5yaqhcdRj	1765850400	64	66	97	24	0	GamePlay	Round Robin	Live	pickleball	WHAT,  SEASON 7?  Wk 1 #120. All 24
7818Ph9HEXpZ6U4aOn9x	1765720800	22	33	66.7	12	0	GamePlay	Round Robin	Live	pickleball	Woman’s S-1 Wk-7
teRlEfqJ5BO9GHayYDi5	1765548000	33	33	100	12	0	GamePlay	Round Robin	Live	pickleball	Friday 12/12/25  transition time,  let’s go
Lq1Cx0VFZtCNYuEEv5rP	1765501200	33	33	100	12	0	GamePlay	Round Robin	Live	pickleball	Thursday S-2 Wk-12
piE2fIpVHVadPfs7TtEP	1765468800	7	10.5	66.7	7	0	GamePlay	Round Robin	Live	pickleball	Thursday afternoon pop up
mOI6On4ADIyVpWR5mrmy	1765468800	7	9	77.8	6	0	GamePlay	Round Robin	Live	pickleball	Thursday afternoon pop up - Copy
UWhDREvjrCoQAVG6kqN8	1765468800	2	9	22.2	6	0	GamePlay	Round Robin	Live	pickleball	Thursday afternoon pop up - Copy - Copy
TJMFS7xYCgVfdzhCgJ5M	1765418400	66	66	100	24	0	GamePlay	Round Robin	Live	pickleball	Wednesday S-5 Wk-1.  Top 12 Stay
zoSeu9Wgq6s0yqFEplRT	1765245600	33	33	100	12	0	GamePlay	Round Robin	Live	pickleball	Monday S-6 Wk-14 FINAL A Bracket #119
XpRSFjD7Z7Sc3eWM98xm	1765245600	33	33	100	12	0	GamePlay	Round Robin	Live	pickleball	Monday S-6 Wk-14 FINAL B Bracket#119
YbEYRZ3mgf0ANFHCTvYP	1765130280	7	16.5	42.4	6	0	GamePlay	Round Robin	Live	pickleball	Fun
riQX6zT0hHRysfoVDjo1	1765130280	7	16.5	42.4	6	0	GamePlay	Round Robin	Live	pickleball	Fun - Copy
Jyp02ABUUIqh8LrBKafs	1765130280	4	16.5	24.2	6	0	GamePlay	Round Robin	Live	pickleball	Fun - Copy
Q4S2W3PjiO7rT95FGP8s	1765116000	32	33	97	12	0	GamePlay	Round Robin	Live	pickleball	Womans S-1 Wk-6
N2SwlBuFWdrbrtsqfYIr	1764943200	31	33	93.9	12	0	Complete	Round Robin	Live	pickleball	Friday, No good for me again!  12/5/25
P1NKsyXxHsJQVsBlrCv1	1764896400	33	33	100	12	0	GamePlay	Round Robin	Live	pickleball	Thursday S-2 Wk-11
yolz4DzoS3zJHlLd2muN	1764813600	66	66	100	24	0	GamePlay	Round Robin	Live	pickleball	Wednesday THE MIXER 12/3/25
i6IaJ3rAB98zoNLXFYRF	1764640800	33	33	100	12	0	GamePlay	Round Robin	Live	pickleball	Monday S-6 Wk-13  A Bracket #118
GNZfSTzRllJm2WP5AVqd	1764640800	33	33	100	12	0	GamePlay	Round Robin	Live	pickleball	Monday S-6 Wk-13 B Bracket #118
1f8zhvg7EMzhudAlx9CP	1764554400	30	33	90.9	12	0	GamePlay	Round Robin	Live	pickleball	Woman’s League S-1 Wk-5
KuSD5Qdkbo8aS3MxvzP1	1764338400	31	33	93.9	12	0	Complete	Round Robin	Live	pickleball	Full belly Friday 11/28/25
Fv8Mv3unRpbj0RvJXGSk	1764208800	32	33	97	12	0	Complete	Round Robin	Live	pickleball	New Wednesday crew  11/26/25
XkACr20xnJP4moDaCaOY	1764208800	31	33	93.9	12	0	GamePlay	Round Robin	Live	pickleball	Wednesday S-4 wk-13 Season Finale
ZAnhMXuYlL0ZRuwrCgrv	1764036000	33	33	100	12	0	GamePlay	Round Robin	Live	pickleball	Monday S-6 Wk-12 A Bracket #117
ksxCOGmk9Tv7lNrykrFy	1764036000	33	33	100	12	0	GamePlay	Round Robin	Live	pickleball	Monday S-6 Wk-12 B Bracket #117
izlZQrc1sOiiWW76uiaj	1763906400	32	33	97	12	0	GamePlay	Round Robin	Live	pickleball	Woman’s S-1 Wk-4
lrKI153LLFr5OWXVT9Fv	1763841600	33	33	100	12	0	GamePlay	Round Robin	Live	pickleball	Womans Pop up  11/22
Yd3t3qYdBG0EGKFBqiY1	1763733600	32	33	97	13	0	Complete	Round Robin	Live	pickleball	Friday 11/21/25  B-day special
QTU4HhrDtktJDqC8yzfK	1763686800	33	33	100	12	0	GamePlay	Round Robin	Live	pickleball	Thursday S-2 Wk-10
wT7JA0pWBHuGbfvuqVgo	1763604000	33	33	100	12	0	GamePlay	Round Robin	Live	pickleball	NEW Wednesday crew  11/18/25
V6XzH0InQSvycJmw5FyK	1763604000	33	33	100	12	0	GamePlay	Round Robin	Live	pickleball	Wednesday S-4 wk-12
75mKWenPlJA3MGVxYrTA	1763431200	27	33	81.8	12	0	GamePlay	Round Robin	Live	pickleball	Monday S-6 Wk-11 A bracket #116
RVRZNSHDKZQNjzEyOyOY	1763431200	33	33	100	12	0	GamePlay	Round Robin	Live	pickleball	Monday S-6 Wk-11 B bracket #116
jOJcZBJOM0hbxS25SAeS	1763301600	30	33	90.9	12	0	Complete	Round Robin	Live	pickleball	Woman’s league Season 1 wk-3
VuNNTYU2ic0SzAlghb9k	1763128800	33	33	100	12	0	GamePlay	Round Robin	Live	pickleball	Friday 11/14/25.  Good stuff
Ld6dpdKN4k93Q9LdrGA6	1763082000	33	33	100	12	0	GamePlay	Round Robin	Live	pickleball	Thursday S-2 Wk-9
RFCG8BqpwDZ8uMGE3BU0	1762999200	33	33	100	12	0	GamePlay	Round Robin	Live	pickleball	Wednesday S-4 Wk-11
kmRgFvYp9f3EfjYXNTf1	1762826400	27	33	81.8	12	0	GamePlay	Round Robin	Live	pickleball	Monday S-6 Wk-10 A Bracket #115
TcL0hTJARXvrlHsPqeLn	1762826400	33	33	100	12	0	GamePlay	Round Robin	Live	pickleball	Monday S-6 Wk-10 B bracket #115
NlTvCZK6v1itKHiAr3fj	1762696800	33	33	100	12	0	GamePlay	Round Robin	Live	pickleball	Womans League Season 1 Wk-2
ffVKjQuD9Fqil8f9jDhM	1762524000	33	33	100	12	0	GamePlay	Round Robin	Live	pickleball	Friday AM  11/7/25.  11th week
OXoowohzvSxNRyurNbHw	1762477200	33	33	100	12	0	GamePlay	Round Robin	Live	pickleball	Thursday S-2 Wk-8
fEdBGSLkGDgHlVK3CLvC	1762394400	33	33	100	12	0	GamePlay	Round Robin	Live	pickleball	Wednesday  S-4 Wk-10
luAFEjYHBztgGAsIUZDG	1762221600	33	33	100	12	0	GamePlay	Round Robin	Live	pickleball	Monday S-6 Wk-9 A Bracket #114
P0fe1J41zBp5huS6HKnQ	1762221600	33	33	100	12	0	GamePlay	Round Robin	Live	pickleball	Monday S-6 Wk-9 B Bracket #114
ZcaFPyAs1GFT5rENc0B7	1762092000	27	33	81.8	12	0	GamePlay	Round Robin	Live	pickleball	Woman's league Season 1 Wk 1
CS9O9qhyMqtDch5f3wGM	1761915600	32	33	97	12	0	GamePlay	Round Robin	Live	pickleball	Friday Happy Halloween  10/31/25
ufJXyWVqrZMP0uBIdXEG	1761868800	33	33	100	12	0	GamePlay	Round Robin	Live	pickleball	Thursday S-2 Wk-7
0HuH6KiOxVqvexoFQqmQ	1761786000	33	33	100	12	0	Complete	Round Robin	Live	pickleball	Wednesday S-4 Wk-9
lrZ5m4Md1m2khQLNAnhF	1761742800	4	4	100	6	0	Complete	Round Robin	Live	pickleball	Wed AM pop-up 10-29
6PFJx8FJoboZea2vfqHe	1761742800	7	7.5	93.3	6	0	Complete	Round Robin	Live	pickleball	Wed AM pop-up 10-29 - Copy
PK6GteuyUku1oCLIoBd9	1761613200	33	33	100	12	0	GamePlay	Round Robin	Live	pickleball	Monday S-6 WK-8 B Bracket #113
UPFJ3pcUrSWwSaiIp9Lv	1761613200	33	33	100	12	0	GamePlay	Round Robin	Live	pickleball	Monday S-6 Wk-8 A Bracket #113
lk9aPZho9ehOrZZGLeek	1761310800	32	33	97	12	0	GamePlay	Round Robin	Live	pickleball	maybe I should retire 1-10 10/24/25
DZmvfqy53HFqnioerwUE	1761264000	33	33	100	12	0	GamePlay	Round Robin	Live	pickleball	Thursday S-2 Wk-6
nB6wjjlhyTVoYAzL1fq6	1761181200	33	33	100	12	0	GamePlay	Round Robin	Live	pickleball	Wednesday S-4 wk-8
InwCM8YnYLt1WIdgdsL8	1761138000	4	4	100	7	0	Complete	Round Robin	Live	pickleball	Steve B special. 10/22/25
oPDpusVvjL3Qaf93io2h	1761138000	3	9	33.3	6	0	GamePlay	Round Robin	Live	pickleball	Steve B special. 10/22/25 - Copy
3TqMcIVoPWpbi0pq9oE2	1761008400	29	33	87.9	12	0	GamePlay	Round Robin	Live	pickleball	Monday S-6 Wk 7 A Bracket #112
DmSmaEHYI3EtixvWsP8g	1761008400	33	33	100	12	0	GamePlay	Round Robin	Live	pickleball	Monday S-6 Wk 7 B Bracket #112
4uNhVKQRhlzDrCqD9BuK	1760706000	33	33	100	12	0	GamePlay	Round Robin	Live	pickleball	I’M back Friday!!!!!  10/17/25
PsYFTcb5qDOTiGRhykzE	1760659200	33	33	100	12	0	GamePlay	Round Robin	Live	pickleball	Thursday League S-2 Wk-5
mUUepyJ0eeNzZYHA5Ejw	1760576400	33	33	100	12	0	GamePlay	Round Robin	Live	pickleball	Wednesday S-4 wk-7
0yX5ypjc48Mi1klbWitl	1760403600	33	33	100	12	0	GamePlay	Round Robin	Live	pickleball	Monday S-6 Wk-6 A Bracket # 111
OPDl3yBQubdSsPXKLl2R	1760403600	33	33	100	12	0	GamePlay	Round Robin	Live	pickleball	Monday S-6 Wk-6 B Bracket # 111
p4jkF1XG2d60oz6sIamg	1760374800	5	5	100	7	0	Complete	Round Robin	Live	pickleball	Pop up of pop ups. 10/13
44Yw3UG6Bbtm6wcTO40H	1760374800	3	9	33.3	6	0	Complete	Round Robin	Live	pickleball	Pop up of pop ups. 10/13 - Copy
b2ReCei1M2vfPqGfRpgg	1760274000	27	33	81.8	12	0	Complete	Round Robin	Live	pickleball	Woman’s higher DUPR 10/12/25.
l1nquCLldwgQYjA6l08G	1760101200	34.25	35.75	95.8	13	0	GamePlay	Round Robin	Live	pickleball	Friday,  maybe I’m in?  10-10-25
scrQlRYhXtapkgDfN749	1760054400	33	33	100	12	0	GamePlay	Round Robin	Live	pickleball	Thursday league S-2 Wk-4
8BgrHYAdRiyaYchMXFWk	1759971600	33	33	100	12	0	GamePlay	Round Robin	Live	pickleball	Wednesday S-4 Wk-6
zKNBqkmiWHgo03w7hIVw	1759928400	5	5	100	6	0	Complete	Round Robin	Live	pickleball	Big dope. Almost forget.   10/8/25
YduWtQBevqbggS31eARZ	1759928400	5	7.5	66.7	6	0	Complete	Round Robin	Live	pickleball	Big dope. Almost forget.   10/8/25 - Copy
IEN7CMrFzNkPh4dk6YFH	1759798800	33	33	100	12	0	GamePlay	Round Robin	Live	pickleball	Monday S-6 Wk-5 A Bracket # 110
HkQ4u1z8O2UnApjoc9XG	1759798800	33	33	100	12	0	GamePlay	Round Robin	Live	pickleball	Monday S-6 Wk-5 B Bracket # 110
zc1ya5GpZeqCH8KOGwxA	1759496400	33	33	100	13	0	GamePlay	Round Robin	Live	pickleball	Friday. The return of MATTY 10-3-25
JBAGfTetaQkZPw4NgPxg	1759449600	33	33	100	12	0	GamePlay	Round Robin	Live	pickleball	Thursday league S-2 Wk 3
G3b7dU4wnl313mw0WLNI	1759366800	33	33	100	12	0	GamePlay	Round Robin	Live	pickleball	Wednesday S-4 Wk-5
me07LRxaoks5PZWSEbFv	1759323600	5	5	100	6	0	Complete	Round Robin	Live	pickleball	The return of Ashley. 10-1-25
KRu8X8qtIrG6RN2BStzw	1759323600	4	7.5	53.3	6	0	GamePlay	Round Robin	Live	pickleball	The return of Ashley. 10-1-25 - Copy
UPY7jpKboF68doC8ClEh	1759194000	33	33	100	12	0	GamePlay	Round Robin	Live	pickleball	Monday S-6 Wk-4 A Bracket #109
1txNxXbvpIIVK01H6eU6	1759194000	33	33	100	12	0	GamePlay	Round Robin	Live	pickleball	Monday S-6 Wk-4 B bracket #109
7pBNTjuyOTiHmC4fcKNn	1759064400	28	30.25	92.6	11	0	Complete	Round Robin	Live	pickleball	Take two ladies
tI5zdoSvk6FSbXlXcZVs	1759015800	31	33	93.9	12	0	GamePlay	Round Robin	Live	pickleball	Sportime Englewood - Men’s 3.75 above DUPR Tournament
bo2FkuVEpgxxnSNrqFgU	1759015800	33	33	100	12	0	GamePlay	Round Robin	Live	pickleball	Sportime Englewood - Women’s 2.9 below DUPR Tournament
rx31BS0Jf8qCHmgMaQVx	1759015800	33	33	100	12	0	GamePlay	Round Robin	Live	pickleball	Sportime Englewood - Women’s 3.0 above DUPR Tournament
nxqP9utJBtKaKhe2mRLl	1759012200	33	33	100	12	0	GamePlay	Round Robin	Live	pickleball	Sportime Englewood - Men’s 3.74 below DUPR Tournament
w4UE5MbTOYvEd6Rcz3Kk	1758891600	33	33	100	12	0	GamePlay	Round Robin	Live	pickleball	Fridays suck.  I’m out.  9-26-25
ITeLYR8vIKw0V9FWJCEp	1758844800	33	33	100	12	0	GamePlay	Round Robin	Live	pickleball	Thursday league S-2 Wk-2
I9UBSlMktXIwTa3QN786	1758762000	33	33	100	12	0	GamePlay	Round Robin	Live	pickleball	Wednesday S-4 Wk-4
mguSnyfUTeUAaVkLvHpu	1758718800	5	5	100	6	0	Complete	Round Robin	Live	pickleball	Let’s try this.  9/24/25
YLNFytTf7AomYKm4AXMw	1758718800	7	7.5	93.3	6	0	GamePlay	Round Robin	Live	pickleball	Let’s try this.  9/24/25 - Copy
hDYI6WXvIrOwzvOZYhvm	1758643200	7	7.5	93.3	6	0	Complete	Round Robin	Live	pickleball	Tuesday nooner.  9-23-25
97wk7q9w4l86IoZyYHYJ	1758643200	7	7.5	93.3	6	0	Complete	Round Robin	Live	pickleball	Tuesday nooner.  9-23-25 - Copy
FkFOQgeOBQo9erryGgvT	1758643200	7	7.5	93.3	6	0	Complete	Round Robin	Live	pickleball	Tuesday nooner.  9-23-25 - Copy - Copy
qeaEU1ZIjQJLzpdzNUqL	1758589200	33	33	100	12	0	GamePlay	Round Robin	Live	pickleball	Monday Season 6 Wk 3 A Bracket #108
LKCrl1z6Ag5sGuTCDUcz	1758589200	33	33	100	12	0	GamePlay	Round Robin	Live	pickleball	Monday Season 6 Wk 3 B bracket #108
xlIDjcyx1A3CkzcB7iiu	1758285900	30	33	90.9	12	0	GamePlay	Round Robin	Live	pickleball	Friday,  Everyone’s favorite.  9/19/25
cN3cFX8zDGBjWtf1FNCb	1758240000	33	33	100	12	0	GamePlay	Round Robin	Live	pickleball	Thursday S2 Wk1.  Run it back
XFa8vm7jq99OIUZAUd32	1758157200	33	33	100	12	0	GamePlay	Round Robin	Live	pickleball	Wednesday S-4 Wk-3
aDmNisIvelRMxgsbCduX	1757984400	33	33	100	12	0	GamePlay	Round Robin	Live	pickleball	Monday Season 6 Wk 2 A Bracket #107
UPWoC9El2vEIn2CUAhZM	1757984400	33	33	100	12	0	GamePlay	Round Robin	Live	pickleball	Monday Season 6 wk 2 B bracket #107
NGj6e1dXdqwbRFJip0E9	1757854800	33	33	100	12	0	GamePlay	Round Robin	Live	pickleball	Woman’s pop up. 9-14-25
RJJdIjIO6boZMeX1CW0v	1757681400	33	33	100	12	0	GamePlay	Round Robin	Live	pickleball	Friday 9-12-25.   Happy Bday Mom!!!!
sVh0XWyiAcSBMCEyTyZG	1757635200	33	33	100	12	0	GamePlay	Round Robin	Live	pickleball	Thursday night Finale wk 13
n7O7qqLMrgJlOWkYNeH2	1757552400	33	33	100	12	0	GamePlay	Round Robin	Live	pickleball	Wednesday league S-4 wk-2
2hICO9K8EPSNFD8cXh4p	1757379600	66	66	100	24	0	GamePlay	Round Robin	Live	pickleball	Season 6 Wk 1.  Promotion Relegation. #106
5FKOQUeNOKc5tAuvCQFk	1757250000	33	33	100	12	0	GamePlay	Round Robin	Live	pickleball	Welcome Welcome Sunday 9-7-25
u6AVRovZhuVjcKmgEj4J	1757077200	32	33	97	12	0	Complete	Round Robin	Live	pickleball	Friday And Football is here!   9-5-25
Glip5IlktwcaQBkw2Oqv	1757030400	33	33	100	12	0	GamePlay	Round Robin	Live	pickleball	Thursday league Season 1 wk 12
HR2LDC0C09kvsArQZlqU	1756947600	33	33	100	12	0	GamePlay	Round Robin	Live	pickleball	MIP Wednesday league Season 4 wk 1. BIG DOGS!!!!!!
8gfZ67gv2iYVHs1gQg5c	1756774800	63	66	95.5	24	0	GamePlay	Round Robin	Live	pickleball	MIP #105 Summer over,  yuck!
N6d9DJFc5QKuuRgL3TWW	1756479600	33	33	100	12	0	GamePlay	Round Robin	Live	pickleball	So long summer.  8-29-25 Friday 11 AM
XHq3dWzRwAKuOBhfQaV9	1756425600	33	33	100	12	0	GamePlay	Round Robin	Live	pickleball	Thursday League Season 1 wk 11
MiwykKDVwggPzwe7cOP4	1756342800	33	33	100	12	0	GamePlay	Round Robin	Live	pickleball	8/27/25 Eddy Joseph Pop-Up Tournament #7
h0TfD8Z2Rtq8c4sqP0z3	1756170000	54	66	81.8	12	0	GamePlay	Set Schedule	Live	pickleball	MIP #104 Team showdown 2b
9RTpWNt05UySMTOqJ7LO	1755866700	31	33	93.9	12	0	Complete	Round Robin	Live	pickleball	Yes Friday!  8-22-25
9W0neQ2Z1Tj8KRm0p9D2	1755820800	33	33	100	12	0	GamePlay	Round Robin	Live	pickleball	Thursday league Season 1 wk 10
VWTHDH3zSlGgCSj8ZHPU	1755738000	33	33	100	12	0	GamePlay	Round Robin	Live	pickleball	8/20/25 Eddy Joseph Pop-Up Tournament #6
lNtKVTwUNtMe8KW3gTNZ	1755565200	54	66	81.8	12	0	GamePlay	Set Schedule	Live	pickleball	MIP #103 Team showdown 2
lQtI8sRCVjMwG0bPxvYf	1755261900	33	33	100	12	0	GamePlay	Round Robin	Live	pickleball	Friday AM 8-15-25
GtJyC4hN77anI4E4CoWY	1755216000	33	33	100	12	0	GamePlay	Round Robin	Live	pickleball	Thursday league Season 1 wk 9
tQ8aO4jzuZ6WNg8pyMWB	1755133200	33	33	100	12	0	GamePlay	Round Robin	Live	pickleball	8/13/25 Eddy Joseph Pop-Up Tournament #5
YEHivlvaRMh05te3o3mK	1754960400	66	66	100	24	0	GamePlay	Round Robin	Live	pickleball	MIP #102 Season 5 Wk 14.  FINAL
XcFFpd1ZasSkBfslAtl0	1754866800	33	33	100	12	0	GamePlay	Round Robin	Live	pickleball	Woman higher DUPR. 8-10-25
APBnbJm9UOaACc0KRZlk	1754866800	33	33	100	12	0	GamePlay	Round Robin	Live	pickleball	Woman’s DUPR split
FJkoBujwNAnu7bTYNoGK	1754658000	31	33	93.9	12	0	GamePlay	Round Robin	Live	pickleball	Can’t beat Friday mornings.
wULCogZNe9xc4TyHYbD7	1754611200	33	33	100	12	0	GamePlay	Round Robin	Live	pickleball	Thursday league Season 1 wk 8
x0jFS2Rr87umSQNnV3u8	1754528400	66	66	100	24	0	GamePlay	Round Robin	Live	pickleball	8/6/25 Eddy Joseph Pop-up Tournament #4
GPUoQARdE9Mr5w5bwlV4	1754355600	66	66	100	24	0	GamePlay	Round Robin	Live	pickleball	MIP #101 Season 5 wk 13
blOwAMF3SV26AADtY523	1754176740	15	15	100	6	0	GamePlay	Set Schedule	Test	pickleball	MLP
d3FOXUSpa9HhXRcwttiu	1754053200	31	33	93.9	12	0	GamePlay	Round Robin	Live	pickleball	Friday SOOO good.  8-1-25
NXZpVDcxuc5DWxTok733	1754006400	33	33	100	12	0	GamePlay	Round Robin	Live	pickleball	Thursday league Season 1 wk 7
cexmoFJpfQRt2aMByhWB	1753923600	33	33	100	12	0	GamePlay	Round Robin	Live	pickleball	7/30/25 Eddy Joseph Pop-Up Tournament #3
JjplEtsgCY8uwh6sMXHS	1753811340	3	18	16.7	6	0	GamePlay	Set Schedule	Live	pickleball	MLP test
Ss6cbF1LNWDAq0pMRYfI	1753750800	64	66	97	24	0	GamePlay	Round Robin	Live	pickleball	MIP #100 Season 5 Wk 12.    DAMN 100 MONDAYS!!!!!!
yew2eNS3GRk2WhAKAg2z	1753657200	49	49.5	99	18	0	GamePlay	Round Robin	Live	pickleball	Woman’s beginner
bhnbpaH2oHkHY4LGeDOx	1753448400	33	33	100	12	0	GamePlay	Round Robin	Live	pickleball	Woohoo.  We’re back.  Friday AM 7-25-25
1KjWj4sdLtPGkHVHGZSS	1753401600	33	33	100	12	0	GamePlay	Round Robin	Live	pickleball	Thursday league Season 1 wk 6
eJ3dR6T7vTt3iRfsLQqi	1753318800	33	33	100	12	0	GamePlay	Round Robin	Live	pickleball	7/23/25 Eddy Joseph Pop-Up Tournament #2
UnWvhswed71AjaimmAf9	1753146000	66	66	100	24	0	GamePlay	Round Robin	Live	pickleball	MIP #98 Season 5 WK 11. Actually MIP #99
CkRvaWtrfM1yBfB1TXPl	1752843600	29	33	87.9	12	0	GamePlay	Round Robin	Live	pickleball	Another No Rizzi Friday  7-18-25, sorry everyone is stuck with Eddy Joseph again :(
WtqU4R7hbcSotbhURBha	1752796800	33	33	100	12	0	GamePlay	Round Robin	Live	pickleball	Thursday league Season 1 wk 5
RWxXKIE2kUzHA4ZwwJH4	1752714000	66	66	100	24	0	GamePlay	Round Robin	Live	pickleball	Eddy Joseph pop up!  7-16-25
HF58WMblloKSW281tvi5	1752541200	66	66	100	24	0	GamePlay	Round Robin	Live	pickleball	MIP #97 Season 5 Wk 10
dk6yDkvUtCWCkcyeRjMm	1752274800	33	33	100	12	0	GamePlay	Round Robin	Live	pickleball	XPO Friday Mens 3.4 below dupr tournament
zNHGZL6ToeAYFhUIJBN5	1752274800	33	33	100	12	0	GamePlay	Round Robin	Live	pickleball	XPO Friday Mens 3.5 above dupr tournament
cn3jESCvkT9KrmWRjPE8	1752274800	33	33	100	12	0	GamePlay	Round Robin	Live	pickleball	XPO Friday Womens 2.7 below dupr tournament
OPw0Q0uz48tdQ3SKM91s	1752274800	30	33	90.9	12	0	GamePlay	Round Robin	Live	pickleball	XPO Friday Womens 2.8 above dupr tournament
5ziEEHCSYHieztMtPcjk	1752238800	33	33	100	12	0	GamePlay	Round Robin	Live	pickleball	Friday AM   NO HUBER, RIZZI 😢 Everyone is stuck with EddyJoseph :(
bUWV8bWjPycEoI9Squ5i	1752192000	33	33	100	12	0	GamePlay	Round Robin	Live	pickleball	Thursday league Season 1 wk 4
bqCJt3OzLJrLKhFiNvcc	1752109200	33	33	100	12	0	GamePlay	Round Robin	Live	pickleball	MIP Wednesday league S-3 wk-13 FINAL
KNDvhp7wiNMI7xCujjuE	1751936400	66	66	100	24	0	GamePlay	Round Robin	Live	pickleball	MIP #96 Season 5 Wk 9
WJpucH44eqq7SREanH78	1751842800	33	33	100	12	0	GamePlay	Round Robin	Live	pickleball	For the love of Mike B. 7-6-25
Q4skxoSuHShMI82sDoP4	1751634000	33	33	100	12	0	GamePlay	Round Robin	Live	pickleball	We love USA. 7-4-25
PxH9JxcGgZLa7JRyZpyq	1751587200	33	33	100	12	0	GamePlay	Round Robin	Live	pickleball	Thursday league Season 1 wk 3
iiIAr4NsKcC3JCiNZemO	1751504400	33	33	100	12	0	GamePlay	Round Robin	Live	pickleball	MIP Wednesday league S-3 Wk-12
fQtE8y5NtOKM3rMTmR3i	1751331600	65	66	98.5	24	0	GamePlay	Round Robin	Live	pickleball	MIP #95 Season 5 Wk 8
g9ZyqklcmQ2oEGqghNby	1751234400	33	33	100	12	0	GamePlay	Round Robin	Live	pickleball	Plus 1 invite tournament.  6/29/25
xOiHAgffFO55omEbJNdt	1751227200	32	33	97	12	0	GamePlay	Round Robin	Live	pickleball	ladies ladies ladies 6-29-25
cROxP62EyYaJLTMK1NOb	1751147820	0	28	0	8	0	GamePlay	Set Schedule	Test	pickleball	MLP test 2
iUiwvZYZ0WuiBY4gRqgs	1751029200	33	33	100	12	0	GamePlay	Round Robin	Live	pickleball	Friday’s Rock.   6-27-25
euYSzE9hPeIETEBF05w6	1750982400	33	33	100	12	0	GamePlay	Round Robin	Live	pickleball	Thursday league Season 1 Wk 2
yXm4sofQ1eGFKvfU18J6	1750899600	33	33	100	12	0	GamePlay	Round Robin	Live	pickleball	MIP Wednesday league S-3 wk-11
SAHCnCPM235Bn7Bpqxuv	1750726800	66	66	100	24	0	GamePlay	Round Robin	Live	pickleball	MIP #94 Season 5 wk 7
8vsgV3YpWMZHC9krJrSv	1750636800	33	33	100	12	0	GamePlay	Round Robin	Live	pickleball	Mike B and the new crew 6/22/25
0FZQO9Sk0762ep4LA9TM	1750424400	33	33	100	12	0	GamePlay	Round Robin	Live	pickleball	Friday AM 6/20/25 Hot ticket
2g9pt6PZfvgrltWnSA4w	1750377600	33	33	100	12	0	GamePlay	Round Robin	Live	pickleball	Inaugural Thursday night. 6/19/25
PHGopeYRIuUvfYol8O9H	1750294800	32	33	97	12	0	Complete	Round Robin	Live	pickleball	MIP Wednesday league S-3 Wk-10
ILltTz0xFllJm7SuGG5i	1750122000	66	66	100	24	0	GamePlay	Round Robin	Live	pickleball	MIP #93 Season 5 wk 6
7b3xs4Jal2jqyL8OheVk	1749859200	45	45	100	18	0	GamePlay	Round Robin	Live	pickleball	XPO the 13th Mens DUPR Rated Tournament
FTtGPHe4x2R2RYF9PF89	1749859200	45	45	100	18	0	GamePlay	Round Robin	Live	pickleball	XPO the 13th Womens DUPR Rated Tournament
hQVGnMmmSD5jKENvUSt7	1749819600	32	33	97	12	0	GamePlay	Round Robin	Live	pickleball	Friday AM 6-13-25
91La08WL2Fqiz2jk9Ss8	1749690000	33	33	100	12	0	GamePlay	Round Robin	Live	pickleball	MIP Wednesday league S-3 Wk-9
GSfagrKpGlaQik1OHL7F	1749654780	0	0	0	12	0	Setup	Ladder	Test	pickleball	Try this
dwlRY2d6SP02lSTuVz8J	1749517200	66	66	100	24	0	GamePlay	Round Robin	Live	pickleball	MIP #92 Season 5 Wk 5
2qEUkvTmy6RgeRMQZbov	1749420000	18	27.5	65.5	10	0	Complete	Round Robin	Live	pickleball	Try this side out!  Sunday pop up. 6-8-25
YruXMVLeWHQXoc3vPnDR	1749254400	18	22.5	80	10	0	GamePlay	Round Robin	Live	pickleball	Scadutes side out 2.0
ZtNQiWeaFUIMGHCl07mb	1749214800	32	33	97	12	0	GamePlay	Round Robin	Live	pickleball	Friday AM 6-6-25
SHaVvYkDjhQbvlj3DDDZ	1749085200	33	33	100	12	0	GamePlay	Round Robin	Live	pickleball	MIP Wednesday league S-3 Wk-8
HKmDYxccUWDWOg4RPy9T	1748912400	61	66	92.4	24	0	GamePlay	Round Robin	Live	pickleball	MIP #91 Season 5 Wk 4
01qnlzZk9ktxohTQXY7n	1748649600	21	27.5	76.4	10	0	GamePlay	Round Robin	Live	pickleball	Scadute’s side out special.  5/30/25
JxMVOoWJMXWkkFG6zDVM	1748610000	33	33	100	12	0	GamePlay	Round Robin	Live	pickleball	Maria’s NY farewell tournament 5/30/25
T2e1C9JDuoAnWOV7rdit	1748480400	33	33	100	12	0	GamePlay	Round Robin	Live	pickleball	Wednesday league S-3 wk-7
g8Y8AwenlSOnIgUHEIQ9	1748307600	66	66	100	24	0	GamePlay	Round Robin	Live	pickleball	MIP #90 open play holiday
u9n6SPNrkakPhp94h1yo	1748005200	30	33	90.9	12	0	Complete	Round Robin	Live	pickleball	Friday pop up.   5-23-25
pbJStxgT8iOnk2CpCPLK	1747875600	29	33	87.9	12	0	GamePlay	Round Robin	Live	pickleball	Wednesday league S-3 wk-6
5xQbSH5ynAR7vyGR2k67	1747702800	66	66	100	24	0	GamePlay	Round Robin	Live	pickleball	MIP #89 Season 5 Wk 3
VDx8UtQ5SrWv9DClHInk	1747400400	29	33	87.9	12	0	GamePlay	Round Robin	Live	pickleball	Friday morning game time. 5-16-25
qpkqtPycKz9TOwous0nB	1747270800	33	33	100	12	0	GamePlay	Round Robin	Live	pickleball	MIP Wednesday league S-3 Wk-5
4XGr9kK506wzlPOA4lqR	1747098000	67	68.75	97.5	25	0	GamePlay	Round Robin	Live	pickleball	MIP #88 Season 5 Wk 2
mpnvKlHEDr9XLJd8eybd	1746835200	70	70	100	20	0	GamePlay	Round Robin	Live	pickleball	XPO Friday - Mens Rally Scoring
c0IGhWoc0JgRg7KrwveE	1746835200	67	71.25	94	19	0	GamePlay	Round Robin	Live	pickleball	XPO Friday - Womens Rally Scoring
Gh8Dp9UhQeY5oJOlijWI	1746795600	33	33	100	12	0	GamePlay	Round Robin	Live	pickleball	5-9-25.  Friday Morning
i1JifpCyMRgwSrqlg9kM	1746666000	33	33	100	12	0	GamePlay	Round Robin	Live	pickleball	MIP Wednesday league S-3 Wk-4
qniz52F0Q31htBHNqKyC	1746493200	66	66	100	24	0	GamePlay	Round Robin	Live	pickleball	MIP#87 Season 5 Wk1
x1OVspFCPt0lORZxi9Xm	1746388800	27	33	81.8	12	0	GamePlay	Round Robin	Live	pickleball	ladies night!  5/4/25
kNwMdK6mr3MFXej69k1I	1746313200	28	33	84.8	12	0	GamePlay	Round Robin	Live	pickleball	XPO Saturday - Women’s DUPR rated tournament
HcEsCbPcQMucoNbZFZff	1746309600	33	33	100	12	0	GamePlay	Round Robin	Live	pickleball	XPO Saturday - DUPR rated tournament
dhGHnqgOyya8ENZH2xz2	1746190800	33	33	100	12	0	GamePlay	Round Robin	Live	pickleball	Friday no Rizzi 😢
feSJyJuBnDL8nUiyjX8d	1746061200	33	33	100	12	0	GamePlay	Round Robin	Live	pickleball	MIP Wednesday league S-3 Wk-3
6O6SIKEKBvCE6LTj12z6	1745888400	66	66	100	24	0	GamePlay	Round Robin	Live	pickleball	MIP #86 Switcholio no back to back?
VSFJ5dc3dArX6PWYCgHm	1745586000	32	33	97	12	0	GamePlay	Round Robin	Live	pickleball	PB +.  Not Melville 9 AM
h7JVCdR1q253bm6Xt44I	1745522700	0	5.5	0	1	0	Setup	Pool Play	Test	pickleball	Teams
xAbUzWDk3ZcqyUEoTP6c	1745456400	33	33	100	12	0	GamePlay	Round Robin	Live	pickleball	MIP Wednesday league S-3 Wk-2
aqin79MWL6EiaCJ8uvLy	1745283600	20	22	90.9	24	0	Complete	Round Robin	Live	pickleball	MIP #85.  Switcholio into double elimination bracket
u5TDrw6avFyb3YL6wJrM	1744981200	31	33	93.9	12	0	Complete	Round Robin	Live	pickleball	Friday post vacation.  4/18/25
HLKtNT0UqzRlLvuRm4S6	1744930740	23	23	100	24	0	Complete	Round Robin	Test	pickleball	Bracket
yWXoxG9G5iBwPfa6tQhF	1744851600	29	33	87.9	12	0	GamePlay	Round Robin	Live	pickleball	MIP Wednesday league S-3 Wk-1
VOHvwdVhpBU7bQTcLzcF	1744678800	33	33	100	12	0	GamePlay	Round Robin	Live	pickleball	DUPR #84 DUPR split  3.75 <
cvWEVv91Sfvup1uZuDHG	1744678800	33	33	100	12	0	GamePlay	Round Robin	Live	pickleball	MIP #84 DUPR split  3.8 +
KPdEcaWONWTbEsFtaLqS	1744380000	33	33	100	12	0	GamePlay	Round Robin	Live	pickleball	Friday XPO
Ms3LwD1XQUUqxwJksXBE	1744246800	30	33	90.9	12	0	GamePlay	Round Robin	Live	pickleball	MIP Wednesday league S-2 Wk-13 Final
ehnO9qVvxHzbCDdD4276	1744074000	66	66	100	24	0	GamePlay	Round Robin	Live	pickleball	MIP #83 Season 4 Wk 14
11d7FojsM7UF7Mn6auyr	1743775200	4	4	100	6	0	Complete	Round Robin	Live	pickleball	Friday’s 6.  4-4-25
rFnTkJ1O2qV0He67IPXp	1743688800	6	7.5	80	6	0	GamePlay	Round Robin	Live	pickleball	Friday’s 6.  4-4-25 - Copy
IwqsbGTvYInUetZO1rdB	1743642000	33	33	100	12	0	GamePlay	Round Robin	Live	pickleball	MIP Wednesday league S-2 wk-12
qF06Tlu0mAjjenHjcAE8	1743469200	66	66	100	24	0	GamePlay	Round Robin	Live	pickleball	MIP #82 Season 4 Wk 13
eHhq82xTpzkpr4YqRdgv	1743170400	49	49.5	99	18	0	GamePlay	Round Robin	Live	pickleball	Big Friday  3/28
cmuWjsfQ52rGSsH6UDbr	1743037200	33	33	100	12	0	GamePlay	Round Robin	Live	pickleball	MIP Wednesday league S-2 Wk-11
AFTTdzGV0qOrkOP9eWd4	1742864400	66	66	100	24	0	GamePlay	Round Robin	Live	pickleball	MIP #81 Season 4 Wk 12
u0NwGHITPfFYKy1ivBBJ	1742770800	33	33	100	12	0	GamePlay	Round Robin	Live	pickleball	Sunday Mar 23 Men’s DUPR rated tournament
PP8vC35d5SwGHidliaow	1742770800	33	33	100	12	0	GamePlay	Round Robin	Live	pickleball	Sunday Mar 23 Women’s DUPR rated tournament
ZOt1luAl4OGvirL2TyUB	1742601600	27	33	81.8	12	0	GamePlay	Round Robin	Live	pickleball	Scadutes special.  3/21
QwLKM3YRbOEnUIw4p9fM	1742565600	4	4	100	8	0	Complete	Round Robin	Live	pickleball	Love some Friday play. 3/21
0025UV5rvCdBgfvMAAqF	1742479200	5	7.5	66.7	6	0	Complete	Round Robin	Live	pickleball	Love some Friday play. 3/21 - Copy
4MUBHsqfkARbEnbyw0wD	1742432400	33	33	100	12	0	Complete	Round Robin	Live	pickleball	MIP Wednesday League S-2 Wk-10
4FMUyAP9pSHB7Qdv11WR	1742392800	7	7.5	93.3	6	0	GamePlay	Round Robin	Live	pickleball	Sportime 3/18/25
Jf8c3riama4tW9Ah1ddL	1742392800	7	7.5	93.3	6	0	GamePlay	Round Robin	Live	pickleball	Sportime 3/18/25. (2)
dXoLK3UZr8xS6qsU5otk	1742259600	66	66	100	24	0	GamePlay	Round Robin	Live	pickleball	MIP #80 Season 4 wk 11
3P6t4bBZxRyWbj8OGrLf	1741960800	4	4	100	6	0	Complete	Round Robin	Live	pickleball	3/14 10 AM
HuDJGzwwest2IIagxliA	1741960800	6	7.5	80	6	0	Complete	Round Robin	Live	pickleball	3/14 10 AM - Copy
5wT3xbTjjwOub7REtdl4	1741918560	0	4	0	6	0	Bracket	Round Robin	Test	pickleball	Test
nE0IN1zEk3xYkyD0Hyu8	1741827600	33	33	100	12	0	GamePlay	Round Robin	Live	pickleball	MIP Wednesday league S-2 wk-9
qnYbfGmOTTvEwS6KE7Z4	1741701600	7	7.5	93.3	6	0	GamePlay	Round Robin	Live	pickleball	First timers
5f5yS1299Cpxbg5JhuEZ	1741701600	7	7.5	93.3	6	0	GamePlay	Round Robin	Live	pickleball	First timers - Copy
BLnV5uXkCL0RXthT9Pp0	1741654800	66	66	100	24	0	GamePlay	Round Robin	Live	pickleball	MIP #79 Season 4 wk 10
Vxw4pP9qSLDFPb7cvgvu	1741557600	32	33	97	12	0	GamePlay	Round Robin	Live	pickleball	Sunday Funday 3/9
v3wHJrCqAV1FGyS9BDVW	1741359600	7	7.5	93.3	6	0	GamePlay	Round Robin	Live	pickleball	3/7. 10 AM
eIt1F4Lgi3xe0N4Lnkvc	1741359600	7	7.5	93.3	6	0	GamePlay	Round Robin	Live	pickleball	3/7. 10 AM - Copy
n4vrRXJIbzZli6Bi7Gsz	1741226400	33	33	100	12	0	GamePlay	Round Robin	Live	pickleball	MIP Wednesday league S-2 wk-8
Ie6aTIOdFCKBO8G9BVBD	1741053600	66	66	100	24	0	GamePlay	Round Robin	Live	pickleball	MIP #78 Season 4 wk 9
DDecHtNtfGk1xdMV6lkm	1740751200	7	7.5	93.3	6	0	GamePlay	Round Robin	Live	pickleball	Friday Morning paddles
jez6s49iwW7yjjDDwiXC	1740751200	7	7.5	93.3	6	0	GamePlay	Round Robin	Live	pickleball	Friday Morning paddles - Copy
DQ8hDoO0CTimajVw482y	1740621600	33	33	100	12	0	GamePlay	Round Robin	Live	pickleball	MIP Wednesday league S-2 Wk-7
LlipJOz3OAgD3Nqedlc4	1740448800	65	66	98.5	24	0	GamePlay	Round Robin	Live	pickleball	MIP #77 Season 4 wk 8
a4fExMeHch8i7esNQq3X	1740409200				0	0	Setup	Round Robin	Live	pickleball	3/7 10 AM - Copy
7UeFNMAFcNDgvjggSNEz	1740063600	27	30.25	89.3	11	0	Complete	Round Robin	Live	pickleball	Thursday AM. 2/20/25
8Jq4AwAiNsWiXYX2suDb	1740016800	33	33	100	12	0	GamePlay	Round Robin	Live	pickleball	MIP Wednesday league S-2 Wk-6
oBEQ56xrhzjwO7cTle3n	1739844000	64	66	97	24	0	GamePlay	Round Robin	Live	pickleball	MIP #76 Season 4 Wk 7
ub1qC2v3CTRbZ9U3887K	1739412000	33	33	100	12	0	GamePlay	Round Robin	Live	pickleball	MIP Wednesday league S-2 Wk-5
G9eNNUhuRBPVD132qPOX	1739239200	66	66	100	24	0	GamePlay	Round Robin	Live	pickleball	MIP #75 Season 4 Wk 6
JjgsLcTtLAccawjMJznr	1739157900				0	0	Setup	Round Robin	Live	pickleball	Txt
uat3giCwsonnRnSmtwkz	1738807200	33	33	100	12	0	GamePlay	Round Robin	Live	pickleball	MIP Wednesday League S-2 Wk-4
FzbppK4Igt9b86t0EMIu	1738634400	66	66	100	24	0	GamePlay	Round Robin	Live	pickleball	MIP #74 Season 4 Wk 5
wt5kpbxzOblPpyA789l1	1738202400	33	33	100	12	0	GamePlay	Round Robin	Live	pickleball	MIP Wednesday League. S-2 Wk-3
3vyCJGw8N5fJyZPrUJxa	1738029600	66	66	100	24	0	GamePlay	Round Robin	Live	pickleball	MIP #73 Season 4 wk 4
HR4YqrNXm1JprXAmohUU	1737597600	33	33	100	12	0	GamePlay	Round Robin	Live	pickleball	MIP Wednesday League S-2 Wk-2
1UfquJS3dG8xB6s6pBEc	1737424800	61	66	92.4	24	0	GamePlay	Round Robin	Live	pickleball	MIP #72 Season 4 wk 3
ys1ySVuZ3ICIp99YN0ET	1737331200	32	33	97	12	0	GamePlay	Round Robin	Live	pickleball	Sunday snow day.  1/19/25
epT257jb89JQipMcJAGu	1736992800	33	33	100	13	0	GamePlay	Round Robin	Live	pickleball	MIP Wednesday league S-2 wk-1
ZEhwG087MbJMwsJ70Acp	1736820000	66	66	100	24	0	GamePlay	Round Robin	Live	pickleball	MIP #71 Season 4 wk 2
RcVGHMAatn28GpRRrDQP	1736712000	33	33	100	12	0	GamePlay	Round Robin	Live	pickleball	Sunday so good!
ymCktRdp6UDstwXGzVyi	1736640000	7	7	100	14	0	Complete	Round Robin	Live	pickleball	Pickleball XPO Saturday
2MdagNKvGUam1hzhnVVC	1736517600	7	7.5	93.3	6	0	GamePlay	Round Robin	Live	pickleball	Friday 9 A.M.  yikes - Copy
3R4QNWhGbujLu0YraKte	1736517600	7	7.5	93.3	6	0	GamePlay	Round Robin	Live	pickleball	Friday morning showdown 9am
Bywd8xTnIydAjTHcrxVq	1736388000	33	33	100	12	0	GamePlay	Round Robin	Live	pickleball	MIP Wednesday league #14 final
CBfAOITWaS8C61zWp5RA	1736215200	63	66	95.5	24	0	GamePlay	Round Robin	Live	pickleball	MIP #70 Season 4 Winter wk 1
HyRzqIRYZgBHVodmMnNT	1735783200	33	33	100	12	0	GamePlay	Round Robin	Live	pickleball	MIP Wednesday league #13
qFx32wSlqgK2Or8Hy986	1735610400	36	66	54.5	12	0	GamePlay	Round Robin	Live	pickleball	MIP #69 Squadholio
aqksE1L792ZST3VdJkxW	1735520400	7	7.5	93.3	6	0	GamePlay	Round Robin	Live	pickleball	Sunday 7 AM WTF part 2
1oIyVZ6NBacK0UgMMU2r	1735516800	7	7.5	93.3	6	0	GamePlay	Round Robin	Live	pickleball	Sunday 7 AM. WTF
KqUrmiaLMwwv9ArLNd3r	1735347600	29.25	30.25	96.7	12	0	GamePlay	Round Robin	Live	pickleball	Xpo Friday
Dqq4bhIQfz9UQg1kQ7TA	1735175400	36	66	54.5	12	0	GamePlay	Round Robin	Test	pickleball	Test squad
MuQ2uginCpxyvGf0V9yg	1735005600	12	12	100	24	0	Complete	Round Robin	Live	pickleball	MIP # 68  switcholio single elimination bracket
GXCxfajQuWt2xpUd8yfM	1734908400	8	8	100	11	0	Complete	Round Robin	Live	pickleball	PxP Ultimate Challenge - Holiday Edition
vgaOzjwAoxGp0I1ls0GC	1734719400	3	11	27.3	4	0	GamePlay	Round Robin	Live	pickleball	Pickleball 1:30 - I - Copy
p1VQrHorFFf3WC2feGLm	1734719400	3	11	27.3	4	0	GamePlay	Round Robin	Live	pickleball	Pickleball 1:30 - I - Copy - Copy
Chrm6ppF7kyVOW1M7ozC	1734719400	0	2.75	0	1	0	Setup	Round Robin	Live	pickleball	Pickleball 1:30 - I - Copy - yyyyy
9KQJ5RBPS1HyagOCSTGl	1734642300	0	8	0	4	0	Setup	Pool Play	Test	pickleball	Poolplay TEST
X88M7QDaHGgY64mYkskj	1734640260	36	66	54.5	12	0	GamePlay	Round Robin	Test	pickleball	Squadholio TEST
ASdoJB7VjHCUkoR92NgI	1734573600	33	33	100	12	0	GamePlay	Round Robin	Live	pickleball	MIP Wednesday league #12
ydFgWefayeYbG4D4j4tr	1734546600	3	11	27.3	4	0	GamePlay	Round Robin	Live	pickleball	Pickleball 1:30
g6Doq2CWR7htvboAiwrD	1734546600	2	11	18.2	4	0	GamePlay	Round Robin	Live	pickleball	Pickleball 1:30 - I
VRdEnViW3FHBwNJXI5vI	1734546600	0	11	0	4	0	Setup	Round Robin	Live	pickleball	Pickleball 1:30 - I - Copy
kcFkv6munxEHVEffWH7m	1734532380				0	0	Setup	Round Robin	Live	pickleball	Game
F27aQ5iRY7DpWWYLUkAE	1734532020				0	0	Setup	Pool Play	Test	pickleball	Team test 2
x8ZNOp5qJ8axMn6qtVVD	1734492480	12	12	100	24	0	Complete	Round Robin	Test	pickleball	Test bracket
TSPwtkn8qcz1Ka72bz88	1734486240	55	66	83.3	12	0	GamePlay	Set Schedule	Test	pickleball	One more try
idLvp0AuBRATIZfBqG9A	1734483600	68	72	94.4	18	0	GamePlay	Round Robin	Live	pickleball	Pickleball America Tuesday
N4Q7NXdl8SBzUyZYOfNM	1734454800	3	11	27.3	4	0	GamePlay	Round Robin	Live	pickleball	Pickleball Tuesday 2/17  I
1C7yCt6f5nAViuv75ZlI	1734454800	3	11	27.3	4	0	GamePlay	Round Robin	Live	pickleball	Pickleball Tuesday 2/17  II
MigkZAdnMJC2ZZUVsVr7	1734454800	3	11	27.3	4	0	GamePlay	Round Robin	Live	pickleball	Pickleball Tuesday 2/17  III
NyWJ5iIfIfVQogK5MJsW	1734454800	1	11	9.1	4	0	GamePlay	Round Robin	Live	pickleball	Pickleball Tuesday 2/17  III  - Copy
BDnnIPSlK4l3Mefz9NiN	1734400800	54	66	81.8	12	0	GamePlay	Set Schedule	Live	pickleball	MIP # 67 TEAM SHOWDOWN
3ppNKUUGPgbvG3LEWKi5	1734400800	0	0	0	12	0	GamePlay	Set Schedule	Test	pickleball	Team test
vioXu4YMLtC0gpTAfe0f	1734127200				0	0	Setup	Round Robin	Test	pickleball	Vzz
OsSIS4TfhKrg7jXnIEuA	1734094800	3	11	27.3	4	0	GamePlay	Round Robin	Live	pickleball	Friday Aftenoo Tournament 12/13
HorKFIRsq8VzKxIx8pCN	1734094800	3	11	27.3	4	0	GamePlay	Round Robin	Live	pickleball	Friday Aftenoo Tournament 12/13 II
ebEGn7RkPOu417VIZeFJ	1734094800	3	11	27.3	4	0	GamePlay	Round Robin	Live	pickleball	Friday Aftenoo Tournament 12/13 III
W7ojS6pfaBWYick698KO	1734094800	3	11	27.3	4	0	GamePlay	Round Robin	Live	pickleball	Friday Morning Tournament 12/13
LfiHPApzv9H7EuctlVie	1734094800	1	11	9.1	4	0	GamePlay	Round Robin	Live	pickleball	Friday Morning Tournament 12/13  III
dkUr99kSY2bKLeUxC0su	1734094800	3	11	27.3	4	0	GamePlay	Round Robin	Live	pickleball	Friday Morning Tournament 12/13  Ii
U8ns9MC7kxMEDy93DIu7	1733968800	33	33	100	12	0	GamePlay	Round Robin	Live	pickleball	MIP Wednesday league #11
RTxGcaTtlzK1oW36tkah	1733855400	3	11	27.3	4	0	GamePlay	Round Robin	Live	pickleball	Tuesday Tournament 12/10
b0NyeLZ37SWYODFoz5B0	1733853600	3	11	27.3	4	0	GamePlay	Round Robin	Live	pickleball	Tuesday Tournament 12/10 II
Bozbvw8IDySf01KEiysB	1733853600	2	11	18.2	4	0	GamePlay	Round Robin	Live	pickleball	Tuesday Tournament 12/10 III
FwPjBVNcXaTG3HKfpTmH	1733796000	66	66	100	24	0	GamePlay	Round Robin	Live	pickleball	MIP #66 Season 3 wk 14 the finale
GfIe2JJrr8wmFVkbSzKe	1733770800	5	13.75	36.4	5	0	GamePlay	Round Robin	Live	pickleball	Friday, Special Guests, Tournament 12/9
P0eLkioS2EJGCxNElBaK	1733770800	5	13.75	36.4	5	0	GamePlay	Round Robin	Live	pickleball	Friday, Special Guests, Tournament 12/9 III
VBXrnTsP26K2WvTUTxzO	1733770800	0	13.75	0	5	0	Setup	Round Robin	Live	pickleball	Friday, Special Guests, Tournament 12/9 IV
bX31sQnSMWYlU3DRLumM	1733770800	2	13.75	14.5	5	0	GamePlay	Round Robin	Live	pickleball	Friday, Special Guests, Tournament 12/9 Ii
MhCUfH4NFoGwWtUMlchS	1733702400	29.5	30	98.3	12	0	GamePlay	Round Robin	Live	pickleball	PxP Ultimate Challenge
DIgTGNxWfYXSgrrKJ6GG	1733698800	39	48.75	80	13	0	GamePlay	Round Robin	Live	pickleball	Bronx Sunday
MssnsHOpbjGsIwiWFalN	1733529600	55	66	83.3	12	0	GamePlay	Set Schedule	Test	pickleball	Team test - Copy 2
43K7LZ69uF8s7mwT9u0f	1733509800	3	11	27.3	4	0	GamePlay	Round Robin	Live	pickleball	FridayTournament 12/6
SrrRhZpPANyA9XFPmNKC	1733509800	3	11	27.3	4	0	GamePlay	Round Robin	Live	pickleball	FridayTournament 12/6 - II
2K7pMmuY4vOcSf3FjBbQ	1733509800	2	11	18.2	4	0	GamePlay	Round Robin	Live	pickleball	FridayTournament 12/6 - III
iqWDmhzWD5Hw0Yi8FO6d	1733472240	1	4	25	4	0	GamePlay	Round Robin	Test	pickleball	Ss
rqYlppcveueMT6v4hi08	1733450400				0	0	Setup	Set Schedule	Test	pickleball	Team test - Copy
QVYj9fyWDYjWnM4TKY5u	1733421600	5	13.75	36.4	5	0	GamePlay	Round Robin	Live	pickleball	Wednsday Tournament 12/3 - Copy
xCvsvlUhiRqKT1gWVcGq	1733421600	5	13.75	36.4	5	0	GamePlay	Round Robin	Live	pickleball	Wednsday Tournament 12/3 - Copy - Copy
eqTBQwFeHflF7fOrOSQa	1733421600	5	13.75	36.4	5	0	GamePlay	Round Robin	Live	pickleball	Wednsday Tournament 12/3 - Copy - Copy - Copy
mfyyadTfLyBn63RtpiV9	1733364000	33	33	100	12	0	GamePlay	Round Robin	Live	pickleball	MIP Wednesday league #10
bSBs00Fy8O2HbFkpOdAm	1733335200	3	11	27.3	4	0	GamePlay	Round Robin	Live	pickleball	Wednsday Tournament 12/3
QCxWMeLhl8K3LwAUhuKQ	1733335200	3	11	27.3	4	0	GamePlay	Round Robin	Live	pickleball	Wednsday Tournament 12/3 -Ii
40GyjChVG3BWwSCqBX3O	1733335200	3	11	27.3	4	0	GamePlay	Round Robin	Live	pickleball	Wednsday Tournament 12/3 III
3CovpmsZaZZ7SQyMxabr	1733248800	2	11	18.2	4	0	GamePlay	Round Robin	Live	pickleball	Tiesday Tournament 12/2
ikkRwlTjhlauLmIe6U2f	1733248800	1	11	9.1	4	0	GamePlay	Round Robin	Live	pickleball	Tiesday Tournament 12/2 - II
R7PxgaRxdwUiDoI0C8Es	1733248800	0	13.75	0	5	0	Setup	Round Robin	Live	pickleball	Tiesday Tournament 12/2 - III
kVdZLapuR7Y7l1hwFqEN	1733248800	5	13.75	36.4	5	0	GamePlay	Round Robin	Live	pickleball	Tiesday Tournament 12/2 - IV
GiA2NbLFsoJD2JeLB8Ni	1733248800	5	13.75	36.4	5	0	GamePlay	Round Robin	Live	pickleball	Tiesday Tournament 12/2 - V
1epy3LcK1MKzKxPNhK8u	1733248800	4	13.75	29.1	5	0	GamePlay	Round Robin	Live	pickleball	Tiesday Tournament 12/2 I
r8CgJ4PHDyLDVrMri4nC	1733191200	66	66	100	24	0	GamePlay	Round Robin	Live	pickleball	MIP #65 Season 3 wk 13
N4iDtDgRKglKN5oOVjM0	1733162400	3	13.75	21.8	5	0	GamePlay	Round Robin	Live	pickleball	Monday Tournament 12/2
dVEsxD1DXrXRp1BG7otV	1733162400	5	13.75	36.4	5	0	GamePlay	Round Robin	Live	pickleball	Monday Tournament 12/2 - Copy
n6ZmvL1bidVhy63tPDOx	1733162400	5	13.75	36.4	5	0	GamePlay	Round Robin	Live	pickleball	Monday Tournament 12/2 - Copy - Copy
B6tRvQwvSnWalQsvjfjr	1733103000	88	90	97.8	24	0	GamePlay	Round Robin	Live	pickleball	LI Team Qualification Trial II
qSPgKdxt0CLIXa2SsWJj	1733090580	22	22.5	97.8	10	0	GamePlay	Round Robin	Live	pickleball	Carefree Sunday
cGa2SMoMkIB9DvTTs9zi	1733090580	20.25	24.75	81.8	13	0	GamePlay	Round Robin	Live	pickleball	Carefree Sunday 2nd round
vM5JkJmwxNUnvCmqz2wp	1732921680	20	20	100	10	0	GamePlay	Round Robin	Live	pickleball	Carefree black friday
EFkSlanrG44XnPLda5pc	1732908600	5.25	13.75	38.2	5	0	GamePlay	Round Robin	Live	pickleball	Friday Tournament 11/29
hOvg6COkDXmPpIxArFcH	1732908600	2	13.75	14.5	5	0	GamePlay	Round Robin	Live	pickleball	Friday Tournament 11/29 - Copy
yaiCjDZMHaoJeQmfwDVs	1732908600	5	13.75	36.4	5	0	GamePlay	Round Robin	Live	pickleball	Friday Tournament 11/29 III
E4j9mbHt3b4QNKGJYYbA	1732908600	5	13.75	36.4	5	0	GamePlay	Round Robin	Live	pickleball	Friday Tournament 11/29 Ii
ze461a6ZhYnBqMO5eBNY	1732759200	33	33	100	12	0	GamePlay	Round Robin	Live	pickleball	MIP Wednesday league #9
wYY8SPWN0JhvSZze8DvY	1732647600	3	3	100	4	0	GamePlay	Round Robin	Live	pickleball	Tuesday Tournament 11/22
gaNks6ivDNCGVdx1Zxbs	1732647600	3	3	100	4	0	GamePlay	Round Robin	Live	pickleball	Tuesday Tournament 11/22 II
WKZjkw6FELTazuSNBG2E	1732647600				0	0	Setup	Round Robin	Live	pickleball	Tuesday Tournament 11/22 III
RIzepBhkRpR2YDkq0u0B	1732586400	66	66	100	24	0	GamePlay	Round Robin	Live	pickleball	MIP #64 season 3 wk 12
xmXS9qbWaVlFtjMFSHpi	1732492800				4	0	Setup	Round Robin	Live	pickleball	LI Team Qualification Trial - Women's  Bracket
Y6ttUesZP4AmJpmUzyaW	1732478400	33	33	100	12	0	GamePlay	Round Robin	Live	pickleball	LI Team Qualification Trial
52ASmu4M0O8RJh2APkPQ	1732478400	33	33	100	12	0	GamePlay	Round Robin	Live	pickleball	LI Team Qualification Trial, Second Round
9an7Zb9J35I4WhJaizLU	1732305600	3	3	100	4	0	GamePlay	Round Robin	Live	pickleball	Friday Late Tournament 11/22
Kp3fu3f3woWJRJ01Bhlk	1732305600	3	3	100	4	0	GamePlay	Round Robin	Live	pickleball	Friday Late Tournament 11/22 II
gbEqMoYRaL5BRnDy2bok	1732305600	3	3	100	4	0	GamePlay	Round Robin	Live	pickleball	Friday Late Tournament 11/22 III
cY66hEwis9sawlL8xRyC	1732305600	33	66	50	12	0	GamePlay	Round Robin	Live	pickleball	Test xxxxx̌xxxxx
0VYOFHIKVlK5C3MuEcr0	1732296600	3	3	100	4	0	GamePlay	Round Robin	Live	pickleball	Friday Tournament 11/22
ZCQlOqP1Woe9PmlZtObT	1732296600	3	3	100	4	0	GamePlay	Round Robin	Live	pickleball	Friday Tournament 11/22 II
39jD4EHLt6wl5SdsltvL	1732296600	2	3	66.7	4	0	GamePlay	Round Robin	Live	pickleball	Friday Tournament 11/22 III
kKp69rrBe3lMF02bFXum	1732212000	5	15	33.3	5	0	GamePlay	Round Robin	Live	pickleball	Thursday Showcase
ev9v7nLm0Jz5bwGr82UV	1732212000	5	15	33.3	5	0	GamePlay	Round Robin	Live	pickleball	Thursday Showcase  - Part II
uhfcAEHN3Y5A7lp56KaY	1732212000	5	15	33.3	5	0	GamePlay	Round Robin	Live	pickleball	Thursday Showcase  - Part III
BvIZo5yCxchL8z8382qe	1732154400	33	33	100	12	0	GamePlay	Round Robin	Live	pickleball	MIP Wednesday league #8
8aVnuiOyHU1o3vWzS4PU	1732136400	3	3	100	4	0	GamePlay	Round Robin	Live	pickleball	Wednsday XPO Tournament 11/20
X9XC6J3hjyWbz8icAABH	1732136400	3	3	100	4	0	GamePlay	Round Robin	Live	pickleball	Wednsday XPO Tournament 11/20 II
Dj2zp1CYS8bt6p3E9c1s	1732136400	3	3	100	4	0	GamePlay	Round Robin	Live	pickleball	Wednsday XPO Tournament 11/20 III
XRxour2MmxzPcQe3Wlyf	1732123800	0	3	0	4	0	GamePlay	Round Robin	Live	pickleball	Wednsday Tournament 11/20
oBiY7GiBtwQapXKxjfaW	1732123800	0	3	0	4	0	Setup	Round Robin	Live	pickleball	Wednsday Tournament 11/20 II
FFBAL11mtmOSpMsg84Yh	1732123800	0	3	0	4	0	Setup	Round Robin	Live	pickleball	Wednsday Tournament 11/20 III
L6839hnlMYw1MsxaymWR	1732042800	3	3	100	4	0	GamePlay	Round Robin	Live	pickleball	Tuesday Afternoon Tournament 11/19
Tcs6cmSr2F8WnTr25AYb	1732042800	3	3	100	4	0	GamePlay	Round Robin	Live	pickleball	Tuesday Afternoon Tournament 11/19 II
ZN8yIDFmL5DAJa85jE9n	1732042800	3	3	100	4	0	GamePlay	Round Robin	Live	pickleball	Tuesday Afternoon Tournament 11/19 III - Copy
d5zt7FTqQXbwXlgXnsGG	1732032000	3	3	100	4	0	GamePlay	Round Robin	Live	pickleball	Tuesday Morning Tournament 11/19
86lJnfJiASrtD7lTLtJ9	1732032000	3	3	100	4	0	GamePlay	Round Robin	Live	pickleball	Tuesday Morning Tournament 11/19 II
sH6pU7k0bUNOkltfpPk4	1732032000	3	3	100	4	0	GamePlay	Round Robin	Live	pickleball	Tuesday Morning Tournament 11/19 III
pGJpagFvP3Jb2nmzx5Or	1731981600	66	66	100	24	0	GamePlay	Round Robin	Live	pickleball	MIP #63 Season 3 wk 11
6JYLfvxrecmwuV8HwCvv	1731949200	3	3	100	4	0	GamePlay	Round Robin	Live	pickleball	Monday Afternoon Tournament 11/18
3ELIAUbgyOJ2ww7anjzU	1731949200	3	3	100	4	0	GamePlay	Round Robin	Live	pickleball	Monday Afternoon Tournament 11/18
TeCFxIaIljJdGI5wFc5f	1731949200	2	3	66.7	4	0	GamePlay	Round Robin	Live	pickleball	Monday Afternoon Tournament 11/18 III
6YPiKkMTnxIideIqcP2T	1731889800	53	52	101.9	17	0	GamePlay	Round Robin	Live	pickleball	Carefree Sunday
UtIHtpFACCioXm93hL7N	1731884400	63	63	100	18	0	GamePlay	Round Robin	Live	pickleball	Sunday Pop up
dYBADGqXbKoPm2FQpmeM	1731859200	0	1	0	1	0	Setup	Round Robin	Live	pickleball	X
9AeqKvP4bPfE94gl8yaq	1731851400	3	3	100	4	0	GamePlay	Round Robin	Live	pickleball	Sunday Morning Tournament 11/17 III
CQ58reSIv8BY5JTJMBOt	1731848400	3	3	100	4	0	GamePlay	Round Robin	Live	pickleball	Sunday Morning Tournament 11/17
UWSUEZc7PRpcNpcekuJY	1731848400	3	3	100	4	0	GamePlay	Round Robin	Live	pickleball	Sunday Morning Tournament 11/17 II
FZOZzL9PJOacYQnqr97t	1731812640	2	33	6.1	12	0	GamePlay	Round Robin	Live	pickleball	Test ðd fg j so is
7K78MJb9zYElZeXrONbY	1731722400	33	36	91.7	12	0	GamePlay	Round Robin	Live	pickleball	MIP Friday - Carefree
qkRNtfYT10XPYj1Bh0de	1731695400	5	5	100	5	0	GamePlay	Round Robin	Live	pickleball	Friday Afternoon Tournament 11/15 III
Scp0YKrbQLaPoFibAp7W	1731695400	2.5	4	62.5	4	0	GamePlay	Round Robin	Live	pickleball	Friday Afternoon Tournament 11/15 IV
8kZX3hCdieDK6eVkfVb0	1731693000	5	5	100	5	0	GamePlay	Round Robin	Live	pickleball	Friday Afternoon Tournament 11/15 Ii
Q4rJzy4Gyf7UCfGW8Vna	1731691800	5	5	100	5	0	GamePlay	Round Robin	Live	pickleball	Friday Afternoon Tournament 11/15
oBkIzgytnfnuLUxvb34V	1731610200	3	3	100	4	0	GamePlay	Round Robin	Live	pickleball	Thursday Afternoon Tournament 11/14 III
cMUfyV0nNGJzEsjE6uy7	1731609000	3	3	100	4	0	GamePlay	Round Robin	Live	pickleball	Thursday Afternoon Tournament 11/14 Ii
PfeVC3qBFH6514S7tHyr	1731607200	3	3	100	4	0	GamePlay	Round Robin	Live	pickleball	Thursday Afternoon Tournament 11/14
sEZKW6aajTSJLaQf8R7u	1731549600	33	33	100	12	0	GamePlay	Round Robin	Live	pickleball	MIP Wednesday league #7
DKTwQ2hq0vVQVYHkQ5s1	1731466500	0	0	0	1	0	Setup	Set Schedule	Live	pickleball	Try this
jnC2gRACtd2cBnSCbsCO	1731376800	66	66	100	24	0	GamePlay	Round Robin	Live	pickleball	MIP #62 Season 3 Wk 10
ZHL5lwa4CXhnqsvDqlBU	1731283200	49	49.5	99	18	0	GamePlay	Round Robin	Live	pickleball	11/10/24 pop up
uEP16Jfpp2RcOpr3UKAc	1731107640	0	12	0	12	0	Setup	Ladder	Test	pickleball	Ladder
TiPKUv28E9r55yLqvSvX	1730944800	33	33	100	12	0	GamePlay	Round Robin	Live	pickleball	MIP Wednesday league #6
AwIKBisA2xwI1Mhf8wvI	1730772000	66	66	100	24	0	GamePlay	Round Robin	Live	pickleball	MIP #61 Season 3 Wk 9
dowCXLSMChyvY29OHK4G	1730743200	0	2.25	0	3	0	Setup	Round Robin	Live	pickleball	Monday nooner 3
heVIbyr9xb20GYrcLoTE	1730698200	3	3	100	4	0	GamePlay	Round Robin	Live	pickleball	Monday nooner 2
UbXiKSaEbtz95YShIb6r	1730696400	3	3	100	4	0	GamePlay	Round Robin	Live	pickleball	Monday nooner
kM6q1qPp8wvduZ9f0690	1730685600	33	33	100	12	0	GamePlay	Round Robin	Live	pickleball	Pop up
TwDfdBsXW7Q8fogAPg2Q	1730671200	32	33	97	12	0	Complete	Round Robin	Live	pickleball	Sunday 11-3-24. Welcome back tour
uZnfdImlFVeD8Y3yXjzq	1730336400	31	36	86.1	12	0	GamePlay	Round Robin	Live	pickleball	MIP Wednesday league #5
eSfYJg7xaOly5lzUqYxp	1730163600	66	66	100	24	0	GamePlay	Round Robin	Live	pickleball	MIP #60 Season 3 wk 8
yNX1qSLgcxLDcRn4UUCk	1730055600	33	33	100	12	0	GamePlay	Round Robin	Live	pickleball	Sunday 3 PM
qY2qiSd6G9bqQLAE9gTe	1729731600	33	33	100	12	0	Complete	Round Robin	Live	pickleball	MIP Wednesday league #4
tYHECcGPULYXOoW6iyLA	1729558800	66	66	100	24	0	GamePlay	Round Robin	Live	pickleball	MIP #59 Season 3 wk 7
hpH5hGiKznZlnx9BaG3H	1729126800	33	48	68.8	12	0	Complete	Round Robin	Live	pickleball	MIP Wednesday league #3
6x0NKut9j5PSCNxaM035	1728954000	63	63.25	99.6	23	0	Complete	Round Robin	Live	pickleball	MIP #58 Season 3 wk 6
R4bcfeTpkBtUOmKjxQ64	1728522000	33	33	100	12	0	Complete	Round Robin	Live	pickleball	MIP Wednesday league #2
b8j74aTzutnj4sa6YUM7	1728349200	65	66	98.5	24	0	Complete	Round Robin	Live	pickleball	MIP #57 Season 3 wk 5
U9IOGNWb7dv3ejXmJFfZ	1727917200	50	54	92.6	18	0	Complete	Round Robin	Live	pickleball	MIP Wednesday league #1
t6NNIjzV2DApzyth7H3b	1727744400	66	66	100	24	0	GamePlay	Round Robin	Live	pickleball	MIP #56 Season 3 wk 4
tfDQ23P9mkQaSlbighgt	1727139600	64	66	97	24	0	Complete	Round Robin	Live	pickleball	MIP #55 Season 3 wk 3
gpG2sobYxToW173FoZ7w	1727010000	33	33	100	12	0	GamePlay	Round Robin	Live	pickleball	Sunday Sept 22 Open play
nDmYJZmND0fujPIv0NwY	1726534800	65	66	98.5	24	0	Complete	Round Robin	Live	pickleball	MIP #54.  Season 3 wk 2
tWQ2eWPf1uIXzoEHNJYS	1726189200	33	33	100	12	0	GamePlay	Round Robin	Live	pickleball	PB XPO 9/12/24
N0R28d004uP13TfH7A6R	1725930000	63	66	95.5	24	0	Complete	Round Robin	Live	pickleball	MIP #53.  Season 3 Fall wk 1
IrTwDqepwUuPQVz4WRQv	1725584400	33	33	100	12	0	GamePlay	Round Robin	Live	pickleball	PB XPO Thursday 9-5
Yq92ELLQR2EOvD8xkhOy	1725321600	30.75	36	85.4	12	0	Complete	Round Robin	Live	pickleball	MIP #52. Open play
UxT8uQNB96i7F5UgD1Bm	1724976046	33	33	100	12	0	Complete	Round Robin	Live	pickleball	Thursday. 8-29
xoAwhAO3jddeH99AoePT	1724720424	63	66	95.5	24	0	Complete	Round Robin	Live	pickleball	MIP #51 summer wk 14
2OW03qGkvBAGyP0athLG	1724374800	33	33	100	12	0	Complete	Round Robin	Live	pickleball	Thursday - Copy - Copy
w373lyQkKsWzbcoe2Rya	1724115624	63	66	95.5	24	0	Complete	Round Robin	Live	pickleball	MIP #50 Summer wk 13
cSrbeDlHvIPPMujjxHhs	1723510817	65	66	98.5	24	0	Complete	Round Robin	Live	pickleball	MIP #49 Summer wk 12
ip7FLo7oAp11sVaSSYA5	1722906053	57	60	95	24	0	Complete	Round Robin	Live	pickleball	MIP #48 summer wk 11
kY5utTnGwrZhD5ApzF0W	1722556819	32	33	97	12	0	Complete	Round Robin	Live	pickleball	Thursday Aug 1st
xwRCGS9GiT9j060CamfS	1722301239	65	66	98.5	24	0	Complete	Round Robin	Live	pickleball	MIP #47 summer wk 10
sEPsWJx3FFlOUqTqB6Rt	1721952033	6	33	18.2	12	0	Complete	Round Robin	Live	pickleball	MIP Thursday open
tQppM72uSe3iwd0HHQ62	1721952000	25	33	75.8	12	0	Complete	Round Robin	Live	pickleball	MIP Thursday open - Copy
qaI3AZBatSELbUPsJpj4	1721696452	65	66	98.5	24	0	Complete	Round Robin	Live	pickleball	MIP #46 wk 9
Td0ZVmOg5xrLDLYx0no8	1721091600	64	66	97	24	0	Complete	Round Robin	Live	pickleball	MIP #45 summer wk 8
0RwwkN2LmGtj0hq9ehPJ	1720893645	0	6	0	8	0	GamePlay	Round Robin	Live	pickleball	Nickerson
HWZbBgZyYyTSuJDHJ8Ze	1720886458	0	3.75	0	6	0	GamePlay	Round Robin	Live	pickleball	Nickerson
Ee3MuHihilqNy5JsZCb8	1720486809	66	66	100	24	0	Complete	Round Robin	Live	pickleball	Merrick in a pickle #44 summer wk 7
zGGnlmZL9gqsVaFRKSTS	1720054854	33	33	100	12	0	GamePlay	Round Robin	Live	pickleball	Hump day bonus play
SAEu9OouHBS5UiAxfPOT	1719882021	66	66	100	24	0	Complete	Round Robin	Live	pickleball	Merrick in a pickle #43 Summer wk 6
8HOX7pZ26qte5Rfn3zwv	1719534641	33	35.75	92.3	13	0	Complete	Round Robin	Live	pickleball	Thursday June 27th
1PHw3PMd658Ot36MJAGg	1719277226				24	0	Complete	Round Robin	Live	pickleball	Merrick in a pickle #41  Summer wk 5
gIbmCpnIbz6OU1LSktlU	1719254381				6	0	GamePlay	Set Schedule	Test	pickleball	Try this
SsDvtaEF37c94muavsf6	1718983999				4	0	GamePlay	Round Robin	Test	pickleball	Try now
NBRU2XSzcSRjGCYIl4Xb	1718929058				4	0	Setup	Round Robin	Test	pickleball	League test
6rrvv37IW9RbQQen9ysi	1718845340				6	0	GamePlay	Round Robin	Live	pickleball	Thursday X2
x85LwnLkUWVGyGzcyENF	1718841621				6	0	GamePlay	Round Robin	Live	pickleball	Juneteenth spectacular
BvceeQgLZ2af5SSfxtug	1718672422				24	0	Complete	Round Robin	Live	pickleball	Merrick in a pickle #40 Summer wk4
tUvxYKNMWfPnCK6uE3hF	1718316034				12	0	Complete	Round Robin	Live	pickleball	Thursday the 13th
09nBF6fklxYS5K1YJoye	1718067650				24	0	Complete	Round Robin	Live	pickleball	Merrick in a pickle #39 Summer wk 3
ZLcfS12eY3CFzF7nGmIn	1717729821				6	0	GamePlay	Round Robin	Live	pickleball	Thursday late night 2.0
AR9qyu2t7DcxAPO7iEdq	1717725626				6	0	GamePlay	Round Robin	Live	pickleball	Thursday late night
fFIuti7U06FLc4zwvByw	1717462853				24	0	Complete	Round Robin	Live	pickleball	Merrick in a pickle #38. Summer wk 2
3RkdL2iPN9bYCrq6FSrZ	1717203603				12	0	GamePlay	Round Robin	Live	pickleball	Friday night quickie
nJPAxBHB9EtbzSryYqA1	1716858033				23	0	Complete	Round Robin	Live	pickleball	Merrick in a pickle #37.  Season 1 summer wk 1
o6Xp9q2eokNk4V9WgSZ2	1716514215				6	0	Complete	Round Robin	Live	pickleball	Thursday surprise 2.0
PeqH7Qt9wFarIKbSEzS3	1716510645				6	0	Complete	Round Robin	Live	pickleball	Thursday surprise
7tQdWVFDX34bZxAQM73X	1716253220				18	0	Complete	Round Robin	Live	pickleball	Merrick in a pickle #36  Week 14
NWFNk3Cjc3FP5ND64bia	1715648433				18	0	Complete	Round Robin	Live	pickleball	Merrick in a pickle #35. Week 13
MzTXUrmlfpoycGMEVJOn	1715385613				16	0	Complete	Round Robin	Live	pickleball	Take 2 Friday!
YwD9yYeIWmOdQ9946nlK	1715043612				18	0	GamePlay	Round Robin	Live	pickleball	Merrick in a pickle #34 Week 12
mny3xIMhbazPccr8nbKJ	1714780851				18	0	GamePlay	Round Robin	Live	pickleball	Friday,  hold my beer please!
eb57kzWE12tcrBMehnfW	1714438834				18	0	Complete	Round Robin	Live	pickleball	Merrick in a pickle #33.  Wk 11
advotIdJ38W3GaV7LDYB	1713834028				18	0	Complete	Round Robin	Live	pickleball	Merrick in a pickle #32. Wk 10
3Zl4hZT9mn7Le0sxdzqb	1713229203				18	0	Complete	Round Robin	Live	pickleball	Merrick in a pickle #31.  Wk 9
lCduBH5Z45KlDaLTpDAe	1713114648				6	0	GamePlay	Round Robin	Live	pickleball	Sunday nooner #2
IcrItStgYG6fIrFLjywJ	1713110420				6	0	GamePlay	Round Robin	Live	pickleball	Sunday #16
Sqh49ZwmqE36x86V6KQg	1712624419				18	0	Complete	Round Robin	Live	pickleball	Merrick in a pickle #30.  Wk8
92sbrQhSKQFiuxDjJiKO	1712440807				5	0	GamePlay	Round Robin	Live	pickleball	Saturday surprise
qv5toBaxSIe6nzpEUdYV	1712019645				18	0	Complete	Round Robin	Live	pickleball	Merrick in a pickle #29.  Wk 7
0B3wOBckgkLSjMtWb20U	1711414826				18	0	Complete	Round Robin	Live	pickleball	Merrick in a pickle #28.  Wk 6
AcQGWOikONHOQk61ywJm	1711314039				12	0	GamePlay	Round Robin	Live	pickleball	Sunday Long Beach!
kRxXK5FpW9bLunRTHorG	1710810046				18	0	Complete	Round Robin	Live	pickleball	Merrick in a pickle #27.  Wk 5
o6vftShejwqSxCp9AM6L	1710686581				6	0	GamePlay	Round Robin	Live	pickleball	Sunday
SZ4UNb9MHcmVuxdZr0DG	1710205256				18	0	Complete	Round Robin	Live	pickleball	Merrick in a pickle #27.  Wk 4
y3WRbwrXnalrO8rmqfSX	1710083445				6	0	GamePlay	Round Robin	Live	pickleball	Sunday #14/2
yjv6J8mZCLBajKZf3Lfh	1710079219				6	0	GamePlay	Round Robin	Live	pickleball	Sunday #14
x6rUZ1imdgZE2jOk7fKr	1709604008				17	0	Complete	Round Robin	Live	pickleball	Merrick in a pickle #26.  Wk 3
hBy21vSRZJRqkQWV3IiK	1709481930				6	0	Complete	Round Robin	Live	pickleball	Sunday 3-3-23
Cp7k7iWpgm33lYToZ0Km	1709478039				6	0	Complete	Round Robin	Live	pickleball	Sunday #13
qZamLukm8gbfWp7d2fax	1708999248				18	0	Complete	Round Robin	Live	pickleball	Merrick in a pickle #25. Wk 2
moMIBdnDUlYB31oQGw4o	1708876883				6	0	GamePlay	Round Robin	Live	pickleball	Sunday again
bbWSqpPR9VmmHaCu4Y16	1708873226				7	0	GamePlay	Round Robin	Live	pickleball	Sunday pickle #12
s697mq6G53l8p4gHUS49	1708614896				6	0	GamePlay	Round Robin	Live	pickleball	Thursday x2
EdeaB5NsoWIrbGxAQ0eq	1708612245				6	0	GamePlay	Round Robin	Live	pickleball	Thursday AM Smash
MY8juqcKK4QHskhSQPH8	1708394442				18	0	GamePlay	Round Robin	Live	pickleball	Merrick in a pickle #24.  Wk1
tNpPb578ixN0zedBqlqz	1708272923				7	0	GamePlay	Round Robin	Live	pickleball	Sunday #11/2
O1HGaPybjwgfoDPCz3cM	1708268453				7	0	GamePlay	Round Robin	Live	pickleball	Sunday pickle #11
tEuKBW6ukyVeGAl8qAys	1707789657				18	0	GamePlay	Round Robin	Live	pickleball	Merrick in a pickle #23
ihw8eE7BFj11xbpq3p1y	1707665114				5	0	GamePlay	Round Robin	Live	pickleball	Sunday 2-11 2nd
JD3lmMwWuY70SPNJecvU	1707663603				6	0	GamePlay	Round Robin	Live	pickleball	Sunday pickle #10
Neqag4Q0ZdCOYNXx3seH	1707578730				6	0	GamePlay	Round Robin	Live	pickleball	Saturday 2nd
J66m6tGIqnTlp5MEmuGA	1707575401				6	0	GamePlay	Round Robin	Live	pickleball	Merrick in a pickle Saturday
B4r4PdK5vLQhFZYdXL15	1707184805				12	0	GamePlay	Round Robin	Live	pickleball	Merrick in a pickle #22
PDjVjYNMX8uh8OLD9tk5	1706920207				6	0	Complete	Round Robin	Live	pickleball	First Friday?  MIP
WblKw3QlUPcL8vQTUTKl	1706580017				25	0	GamePlay	Round Robin	Live	pickleball	Merrick in a pickle #21
M04EW07dZD2J7BCjeFgY	1706497237				5	0	GamePlay	Round Robin	Live	pickleball	Sunday pickle #9
n0vnFAALZPOg6sPukQhD	1705976159				18	0	GamePlay	Round Robin	Live	pickleball	Merrick in a pickle #20
aMdvJ7vZTrUyhznlfORW	1705850702				7	0	GamePlay	Round Robin	Live	pickleball	Sunday pickle #8.2
6f9VcUo5P6haeMX0qcp0	1705845657				7	0	GamePlay	Round Robin	Live	pickleball	Sunday pickle #8
o5O1rCEdxylRW6uxReXP	1705370418				16	0	GamePlay	Round Robin	Live	pickleball	Merrick in a pickle # 19
DOCsC9JkxcafD2RPDNOl	1705244453				11	0	GamePlay	Round Robin	Live	pickleball	Sunday pickle # 7
SnK4aDk5dSvIGRJdhsEX	1704765604				24	0	GamePlay	Round Robin	Live	pickleball	Merrick in a pickle #18
TQCUqy9OMqJQ45V2ZnzF	1704687318				7	0	GamePlay	Round Robin	Live	pickleball	Sunday pickle #6.2
9j10sgrUl6Bw94IpMG5X	1704639601				7	0	GamePlay	Round Robin	Live	pickleball	Sunday pickle #6
fw6UGTJ2O0zHblZC1Udf	1703606415				11	0	GamePlay	Round Robin	Live	pickleball	Try it Tuesday #1
2hnSqmGTZVUJk3B562xN	1703208630				10	0	Complete	Round Robin	Live	pickleball	Thursday pickle
RFzlKxrzAmoylRgIYFvB	1703104006				4	0	GamePlay	Round Robin	Live	pickleball	Wednesday Pickle #1
vAIh8VqweiFNNfVAmt0A	1702951214				17	0	GamePlay	Round Robin	Live	pickleball	Merrick in a pickle #17
P3kQbuJr16QJU7sJwvhh	1702830650				6	0	GamePlay	Round Robin	Live	pickleball	Sunday pickle2 #5
an870s7wMzZ2yVCnV5NP	1702825211				6	0	Complete	Round Robin	Live	pickleball	Sunday pickle # 5
5RUYYK2GiDsqsCH3OK6m	1702346431				17	0	GamePlay	Round Robin	Live	pickleball	Merrick in a pickle #16
R6r1mKT3el6ANQ4HwQQa	1701741655				19	0	GamePlay	Round Robin	Live	pickleball	Merrick in a pickle #15
HlzETX3QjPHNPop3TT8m	1701620262				6	0	GamePlay	Round Robin	Live	pickleball	Sunday
Swc07L0exEBJS5lraimv	1701615651				7	0	Complete	Round Robin	Live	pickleball	Sunday pickle #4
fwYGnbHxtrhjIsqfAX00	1701013271				5	0	GamePlay	Round Robin	Live	pickleball	Sunday pickle #3
w7rEU5VLw5DpVwCcnqBy	1700532034				13	0	GamePlay	Round Robin	Live	pickleball	Merrick in a pickle  #14
14r73nLvOXmx20FmTR9M	1699921806				11	0	GamePlay	Round Robin	Live	pickleball	Merrick in a pickle #13
1xjWaAhBTwdNxoKgAT5T	1699322400				10	0	GamePlay	Round Robin	Live	pickleball	Merrick in a pickle Monday #12
2CV2wREwbZuY0lQ7F6bl	1696343230				8	0	GamePlay	Round Robin	Live	pickleball	Merrick in  pickle # 7
6vciznacm03Ca3NbhGEF	1696294819				0	0	Setup	Round Robin	Live	pickleball	Merrick in a pickle #7
dTPYlLR70uZjyjWx13Nj	1696168811				8	0	GamePlay	Round Robin	Live	pickleball	Sunday pickle #2 MP
WEbPo2jJBcEGd9BMNGDj	1695682840				16	0	GamePlay	Round Robin	Live	pickleball	Merrick in a pickle #6
HHR4wZsuEHj4NE74tDDA	1695565800				14	0	GamePlay	Round Robin	Live	pickleball	SUNDAY pickle #1. MP
FYIcSzQsi2kFWZJecRVh	1695087049				14	0	GamePlay	Round Robin	Live	pickleball	Merrick in a pickle #5
mVQhmc8FqePLxSPN3Xye	1694469604				14	0	GamePlay	Round Robin	Live	pickleball	Merrick in a pickle #4
ITStrQ8j8Ejgbq3nU5g4	1693259147				16	0	GamePlay	Round Robin	Live	pickleball	Merrick in a pickle #3
mLR4CtuvEAXBD2CfIBE6	1692654637				12	0	GamePlay	Round Robin	Live	pickleball	Merrick in a pickle #2
ODTI0gg8hlM2eUdGRBcC	1692050400				11	0	GamePlay	Round Robin	Live	pickleball	Merrick in a pickle #1